2026-01-28,09:40,ENTRY,SHORT,Ruptura,81,4,53,8,78,7,100,0,100,0,75,0,69,1,26434,75,0,00,26447,41,26466,55,26501,14,34,59,15,88,0,00,0,00,0,00,,1,0
2026-01-28,09:42,EXIT,SHORT,Ruptura,81,4,53,8,78,7,100,0,100,0,75,0,69,1,26434,75,26459,00,26447,41,26465,13,26500,79,35,66,16,84,-48,50,-48,50,-48,50,BreatheWhipsaw,1,1
2026-01-28,11:44,ENTRY,SHORT,Ruptura,85,3,100,0,100,0,100,0,100,0,75,0,38,9,26352,50,0,00,26365,72,26382,56,26477,14,94,58,16,96,0,00,-48,50,-48,50,,2,1
2026-01-28,12:00,EXIT,SHORT,Ruptura,85,3,100,0,100,0,100,0,100,0,75,0,38,9,26352,50,26336,75,26332,75,26358,05,26470,55,112,50,16,42,31,50,-17,00,-17,00,TrailStop,2,1
2026-01-28,12:06,ENTRY,SHORT,Tendencia,86,3,100,0,100,0,100,0,96,7,25,0,41,6,26351,25,0,00,26353,50,26352,44,26468,17,115,74,16,54,0,00,-17,00,-17,00,,3,1
2026-01-28,12:08,EXIT,SHORT,Tendencia,86,3,100,0,100,0,100,0,96,7,25,0,41,6,26351,25,26344,25,26353,50,26350,80,26467,38,116,58,16,52,14,00,-3,00,-3,00,BreatheWhipsaw,3,2
2026-01-28,14:32,ENTRY,SHORT,Ruptura,87,9,63,7,100,0,100,0,97,8,75,0,71,7,26335,75,0,00,26352,10,26365,35,26411,74,46,39,20,80,0,00,-3,00,-3,00,,4,2
2026-01-28,14:34,EXIT,SHORT,Ruptura,87,9,63,7,100,0,100,0,97,8,75,0,71,7,26335,75,26347,00,26352,10,26363,60,26410,98,47,38,23,77,-22,50,-25,50,-25,50,BreatheWhipsaw,4,3
2026-01-29,09:38,ENTRY,SHORT,Ruptura,94,2,73,3,98,4,100,0,98,9,100,0,87,2,26277,75,0,00,26293,64,26365,43,26423,41,57,99,20,85,0,00,0,00,-25,50,,1,0
2026-01-29,09:50,EXIT,SHORT,Ruptura,94,2,73,3,98,4,100,0,98,9,100,0,87,2,26277,75,26187,25,26189,00,26310,15,26415,81,105,66,32,47,181,00,181,00,155,50,TrailStop,1,0
2026-01-29,09:54,ENTRY,SHORT,Tendencia,93,1,100,0,90,5,100,0,100,0,50,0,100,0,26161,25,0,00,26187,24,26290,55,26412,98,122,43,34,32,0,00,181,00,155,50,,2,0
2026-01-29,10:08,EXIT,SHORT,Tendencia,93,1,100,0,90,5,100,0,100,0,50,0,100,0,26161,25,26012,75,26036,58,26186,69,26398,57,211,88,44,04,297,00,478,00,452,50,TrailStop,2,0
2026-01-30,09:42,ENTRY,LONG,Ruptura,86,7,66,5,100,0,100,0,100,0,50,0,75,1,26133,00,0,00,26106,44,26057,10,26007,28,49,82,35,07,0,00,0,00,452,50,,1,0
2026-01-30,09:46,EXIT,LONG,Ruptura,86,7,66,5,100,0,100,0,100,0,50,0,75,1,26133,00,26100,25,26106,44,26064,15,26009,20,54,95,36,43,-65,50,-65,50,387,00,BreatheWhipsaw,1,1
2026-01-30,13:02,ENTRY,SHORT,Ruptura,85,1,100,0,100,0,100,0,100,0,50,0,50,3,25893,50,0,00,25918,13,25954,34,26043,07,88,73,32,17,0,00,-65,50,387,00,,2,1
2026-01-30,13:10,EXIT,SHORT,Ruptura,85,1,100,0,100,0,100,0,100,0,50,0,50,3,25893,50,25905,50,25918,13,25940,31,26040,66,100,34,30,24,-24,00,-89,50,363,00,TrailStop,2,1
2026-01-30,13:14,ENTRY,SHORT,Tendencia,93,8,100,0,100,0,100,0,92,9,100,0,45,4,25880,75,0,00,25903,25,25929,59,26039,24,109,65,29,43,0,00,-89,50,363,00,,3,1
2026-01-30,13:28,EXIT,SHORT,Tendencia,93,8,100,0,100,0,100,0,92,9,100,0,45,4,25880,75,25850,00,25830,01,25892,94,26032,01,139,07,32,55,61,50,-28,00,424,50,TrailStop,3,1
2026-01-30,13:30,ENTRY,SHORT,Tendencia,86,3,100,0,92,7,100,0,100,0,25,0,52,9,25876,50,0,00,25880,00,25889,24,26031,18,141,94,32,85,0,00,-28,00,424,50,,4,1
2026-01-30,13:32,EXIT,SHORT,Tendencia,86,3,100,0,92,7,100,0,100,0,25,0,52,9,25876,50,25885,50,25880,00,25885,91,26030,55,144,64,32,90,-18,00,-46,00,406,50,BreatheWhipsaw,4,2
2026-01-30,15:08,ENTRY,SHORT,Ruptura,85,8,100,0,100,0,100,0,94,3,75,0,45,7,25859,25,0,00,25879,25,25909,74,25990,25,80,52,28,50,0,00,-46,00,406,50,,5,2
2026-01-30,15:22,EXIT,SHORT,Ruptura,85,8,100,0,100,0,100,0,94,3,75,0,45,7,25859,25,25810,00,25828,50,25873,73,25983,23,109,51,26,30,98,50,52,50,505,00,TrailStop,5,2
2026-01-30,15:24,ENTRY,SHORT,Tendencia,88,4,100,0,91,3,100,0,84,8,75,0,42,1,25793,25,0,00,25813,01,25867,16,25982,11,114,95,26,01,0,00,52,50,505,00,,6,2
2026-01-30,15:28,EXIT,SHORT,Tendencia,88,4,100,0,91,3,100,0,84,8,75,0,42,1,25793,25,25815,00,25813,01,25856,76,25979,82,123,05,25,47,-43,50,9,00,461,50,BreatheWhipsaw,6,3
2026-02-02,09:32,ENTRY,LONG,Tendencia,94,6,100,0,100,0,100,0,100,0,75,0,71,2,25865,00,0,00,25841,34,25752,18,25666,57,85,61,20,55,0,00,0,00,461,50,,1,0
2026-02-02,09:36,EXIT,LONG,Tendencia,94,6,100,0,100,0,100,0,100,0,75,0,71,2,25865,00,25888,25,25841,34,25765,93,25669,77,96,15,24,78,46,50,46,50,508,00,BreatheWhipsaw,1,1
2026-02-02,09:38,ENTRY,LONG,Ruptura,94,5,100,0,97,7,100,0,100,0,75,0,87,6,25945,00,0,00,25916,86,25775,35,25671,69,103,66,26,52,0,00,46,50,508,00,,2,1
2026-02-02,10:00,EXIT,LONG,Ruptura,94,5,100,0,97,7,100,0,100,0,75,0,87,6,25945,00,25963,75,25983,25,25896,61,25692,72,203,89,26,86,37,50,84,00,545,50,TrailStop,2,1
2026-02-02,10:02,ENTRY,LONG,Tendencia,80,7,100,0,51,9,100,0,97,0,25,0,80,9,25999,75,0,00,25963,50,25908,06,25694,54,213,53,29,34,0,00,84,00,545,50,,3,1
2026-02-02,10:31,EXIT,LONG,Tendencia,80,7,100,0,51,9,100,0,97,0,25,0,80,9,25999,75,26084,25,26103,99,26063,49,25727,92,335,57,22,62,169,00,253,00,714,50,TrailStop,3,1
2026-02-02,10:32,ENTRY,LONG,Tendencia,88,0,100,0,90,8,100,0,71,1,75,0,52,8,26104,50,0,00,26084,47,26068,08,25730,32,337,76,22,70,0,00,253,00,714,50,,4,1
2026-02-02,10:42,EXIT,LONG,Tendencia,88,0,100,0,90,8,100,0,71,1,75,0,52,8,26104,50,26112,50,26122,50,26097,43,25742,63,354,79,20,91,16,00,269,00,730,50,TrailStop,4,1
2026-02-02,11:00,ENTRY,SHORT,Tendencia,78,9,100,0,100,0,40,0,100,0,100,0,39,2,26056,00,0,00,26055,75,26101,03,25764,43,336,60,19,39,0,00,269,00,730,50,,5,1
2026-02-02,11:02,EXIT,SHORT,Tendencia,78,9,100,0,100,0,40,0,100,0,100,0,39,2,26056,00,26060,25,26055,75,26097,65,25766,45,331,20,19,14,-8,50,260,50,722,00,BreatheWhipsaw,5,2
2026-02-02,12:35,ENTRY,LONG,Ruptura,86,5,100,0,100,0,100,0,100,0,100,0,32,6,26160,00,0,00,26155,00,26134,79,25857,73,277,06,11,57,0,00,260,50,722,00,,6,2
2026-02-02,12:36,EXIT,LONG,Ruptura,86,5,100,0,100,0,100,0,100,0,100,0,32,6,26160,00,26153,00,26155,00,26137,03,25860,38,276,65,11,44,-14,00,246,50,708,00,BreatheWhipsaw,6,3
2026-02-03,09:40,ENTRY,SHORT,Ruptura,82,7,55,3,58,5,100,0,100,0,75,0,100,0,26060,25,0,00,26060,00,26165,41,26201,80,36,38,16,38,0,00,0,00,708,00,,1,0
2026-02-03,09:42,EXIT,SHORT,Ruptura,82,7,55,3,58,5,100,0,100,0,75,0,100,0,26060,25,26036,25,26060,00,26157,21,26200,98,43,77,18,43,48,00,48,00,756,00,BreatheWhipsaw,1,1
2026-02-03,09:44,ENTRY,SHORT,Ruptura,94,8,70,5,91,2,100,0,100,0,100,0,100,0,25987,75,0,00,25990,94,26145,28,26199,82,54,54,23,25,0,00,48,00,756,00,,2,1
2026-02-03,09:46,EXIT,SHORT,Ruptura,94,8,70,5,91,2,100,0,100,0,100,0,100,0,25987,75,25991,50,25990,94,26133,66,26198,67,65,01,23,70,-7,50,40,50,748,50,BreatheWhipsaw,2,2
2026-02-03,09:56,ENTRY,SHORT,Ruptura,95,0,100,0,100,0,100,0,100,0,50,0,100,0,25931,00,0,00,25953,82,26081,44,26193,65,112,21,30,43,0,00,40,50,748,50,,3,2
2026-02-03,10:06,EXIT,SHORT,Ruptura,95,0,100,0,100,0,100,0,100,0,50,0,100,0,25931,00,25833,25,25861,50,26001,15,26185,51,184,36,33,99,195,50,236,00,944,00,TrailStop,3,2
2026-02-03,10:08,ENTRY,SHORT,Tendencia,97,5,100,0,100,0,100,0,100,0,75,0,100,0,25782,75,0,00,25819,48,25982,26,26183,67,201,41,35,98,0,00,236,00,944,00,,4,2
2026-02-03,10:10,EXIT,SHORT,Tendencia,97,5,100,0,100,0,100,0,100,0,75,0,100,0,25782,75,25839,50,25819,48,25965,16,26182,06,216,90,36,96,-113,50,122,50,830,50,BreatheWhipsaw,4,3
2026-02-03,10:14,ENTRY,SHORT,Ruptura,93,9,100,0,88,9,100,0,94,3,75,0,100,0,25767,25,0,00,25794,25,25933,08,26178,27,245,20,36,77,0,00,122,50,830,50,,5,3
2026-02-03,10:18,EXIT,SHORT,Ruptura,93,9,100,0,88,9,100,0,94,3,75,0,100,0,25767,25,25803,50,25794,25,25904,31,26174,57,270,25,35,71,-72,50,50,00,758,00,BreatheWhipsaw,5,4
2026-02-03,10:24,ENTRY,SHORT,Ruptura,95,0,100,0,100,0,100,0,100,0,50,0,100,0,25750,25,0,00,25777,54,25868,93,26169,10,300,18,36,39,0,00,50,00,758,00,,6,4
2026-02-03,10:28,EXIT,SHORT,Ruptura,95,0,100,0,100,0,100,0,100,0,50,0,100,0,25750,25,25785,25,25777,54,25845,19,26165,37,320,18,38,71,-70,00,-20,00,688,00,BreatheWhipsaw,6,5
2026-02-03,12:32,ENTRY,SHORT,Ruptura,85,2,100,0,87,1,100,0,100,0,100,0,41,9,25625,50,0,00,25640,50,25690,66,26020,85,330,18,23,84,0,00,-20,00,688,00,,7,5
2026-02-03,12:48,EXIT,SHORT,Ruptura,85,2,100,0,87,1,100,0,100,0,100,0,41,9,25625,50,25613,00,25603,50,25641,20,25994,79,353,59,20,97,25,00,5,00,713,00,TrailStop,7,5
2026-02-03,12:52,ENTRY,LONG,Tendencia,79,1,100,0,100,0,40,0,100,0,100,0,40,8,25622,50,0,00,25629,95,25632,29,25988,71,356,42,21,05,0,00,5,00,713,00,,8,5
2026-02-03,12:54,EXIT,LONG,Tendencia,79,1,100,0,100,0,40,0,100,0,100,0,40,8,25622,50,25614,75,25629,95,25630,31,25985,64,355,33,22,48,-15,50,-10,50,697,50,BreatheWhipsaw,8,6
2026-02-04,09:32,ENTRY,SHORT,Tendencia,95,0,95,2,100,0,100,0,100,0,75,0,86,8,25490,00,0,00,25506,88,25582,53,25658,67,76,14,20,18,0,00,0,00,697,50,,1,0
2026-02-04,09:34,EXIT,SHORT,Tendencia,95,0,95,2,100,0,100,0,100,0,75,0,86,8,25490,00,25495,50,25506,88,25575,43,25657,88,82,45,23,45,-11,00,-11,00,686,50,BreatheWhipsaw,1,1
2026-02-04,09:58,ENTRY,SHORT,Ruptura,95,0,100,0,100,0,100,0,100,0,50,0,100,0,25445,00,0,00,25493,94,25548,56,25651,08,102,51,44,59,0,00,-11,00,686,50,,2,1
2026-02-04,10:06,EXIT,SHORT,Ruptura,95,0,100,0,100,0,100,0,100,0,50,0,100,0,25445,00,25395,50,25399,50,25511,34,25645,56,134,22,48,77,99,00,88,00,785,50,TrailStop,2,1
2026-02-04,10:08,ENTRY,SHORT,Tendencia,82,7,100,0,62,2,100,0,77,4,25,0,100,0,25436,50,0,00,25442,00,25502,20,25644,33,142,13,49,61,0,00,88,00,785,50,,3,1
2026-02-04,10:10,EXIT,SHORT,Tendencia,82,7,100,0,62,2,100,0,77,4,25,0,100,0,25436,50,25473,25,25442,00,25495,19,25643,43,148,24,49,33,-73,50,14,50,712,00,BreatheWhipsaw,3,2
2026-02-04,10:36,ENTRY,SHORT,Ruptura,93,2,100,0,100,0,100,0,100,0,100,0,65,9,25369,25,0,00,25406,25,25440,83,25630,48,189,66,42,47,0,00,14,50,712,00,,4,2
2026-02-04,10:38,EXIT,SHORT,Ruptura,93,2,100,0,100,0,100,0,100,0,100,0,65,9,25369,25,25449,50,25406,25,25436,16,25629,05,192,89,41,09,-160,50,-146,00,551,50,HardStop,4,2
2026-02-04,11:02,ENTRY,SHORT,Ruptura,90,6,100,0,100,0,100,0,100,0,100,0,53,1,25340,00,0,00,25377,00,25417,85,25612,54,194,69,42,66,0,00,-146,00,551,50,,5,2
2026-02-04,11:14,EXIT,SHORT,Ruptura,90,6,100,0,100,0,100,0,100,0,100,0,53,1,25340,00,25350,25,25298,50,25370,41,25600,77,230,36,39,77,-20,50,-166,50,531,00,TrailStop,5,2
2026-02-04,11:18,ENTRY,SHORT,Tendencia,89,5,100,0,100,0,100,0,100,0,50,0,44,9,25297,00,0,00,25323,41,25365,56,25597,01,231,45,40,21,0,00,-166,50,531,00,,6,2
2026-02-04,11:26,EXIT,SHORT,Tendencia,89,5,100,0,100,0,100,0,100,0,50,0,44,9,25297,00,25334,75,25323,41,25337,18,25588,84,251,66,38,52,-75,50,-242,00,455,50,TrailStop,6,2
2026-02-04,11:38,ENTRY,SHORT,Tendencia,88,5,100,0,100,0,100,0,100,0,50,0,34,7,25287,25,0,00,25284,00,25317,43,25576,98,259,56,33,18,0,00,-242,00,455,50,,7,2
2026-02-04,11:40,EXIT,SHORT,Tendencia,88,5,100,0,100,0,100,0,100,0,50,0,34,7,25287,25,25263,50,25284,00,25312,08,25574,71,262,64,32,61,47,50,-194,50,503,00,BreatheWhipsaw,7,3
2026-02-04,11:50,ENTRY,SHORT,Ruptura,86,7,100,0,100,0,100,0,100,0,100,0,33,3,25188,50,0,00,25190,10,25285,01,25561,39,276,37,30,80,0,00,-194,50,503,00,,8,3
2026-02-04,11:54,EXIT,SHORT,Ruptura,86,7,100,0,100,0,100,0,100,0,100,0,33,3,25188,50,25188,75,25190,10,25270,03,25555,80,285,78,30,65,-0,50,-195,00,502,50,BreatheWhipsaw,8,4
2026-02-05,09:32,ENTRY,SHORT,Tendencia,90,2,100,0,100,0,100,0,100,0,50,0,52,4,24896,00,0,00,24921,95,24991,95,25188,48,196,53,29,27,0,00,0,00,502,50,,1,0
2026-02-05,09:32,EXIT,SHORT,Tendencia,90,2,100,0,100,0,100,0,100,0,50,0,52,4,24896,00,24969,00,24921,95,24991,95,25188,48,196,53,29,27,-146,00,-146,00,356,50,HardStop,1,0
2026-02-05,09:38,ENTRY,LONG,Tendencia,78,3,100,0,90,8,40,0,71,0,100,0,80,3,25080,00,0,00,25024,42,24991,51,25184,82,193,31,45,58,0,00,-146,00,356,50,,2,0
2026-02-05,09:48,EXIT,LONG,Tendencia,78,3,100,0,90,8,40,0,71,0,100,0,80,3,25080,00,25148,75,25111,50,25014,04,25181,55,167,51,47,33,137,50,-8,50,494,00,TrailStop,2,0
2026-02-05,09:58,ENTRY,SHORT,Tendencia,87,6,100,0,59,8,100,0,100,0,75,0,81,1,25016,00,0,00,25048,00,25035,91,25177,31,141,39,50,93,0,00,-8,50,494,00,,3,0
2026-02-05,10:18,EXIT,SHORT,Tendencia,87,6,100,0,59,8,100,0,100,0,75,0,81,1,25016,00,24836,25,24846,56,24987,81,25156,67,168,86,52,43,359,50,351,00,853,50,TrailStop,3,0
2026-02-06,09:34,ENTRY,LONG,Tendencia,93,0,90,5,99,8,100,0,86,1,75,0,92,8,25090,00,0,00,25063,28,25014,84,24942,43,72,40,24,96,0,00,0,00,853,50,,1,0
2026-02-06,09:36,EXIT,LONG,Tendencia,93,0,90,5,99,8,100,0,86,1,75,0,92,8,25090,00,25063,50,25063,28,25016,10,24943,77,72,33,26,13,-53,00,-53,00,800,50,BreatheWhipsaw,1,1
2026-02-06,09:40,ENTRY,LONG,Ruptura,89,1,96,1,68,0,100,0,100,0,75,0,100,0,25127,00,0,00,25110,00,25023,79,24946,90,76,89,29,85,0,00,-53,00,800,50,,2,1
2026-02-06,09:42,EXIT,LONG,Ruptura,89,1,96,1,68,0,100,0,100,0,75,0,100,0,25127,00,25071,00,25110,00,25025,76,24948,30,77,46,33,15,-112,00,-165,00,688,50,BreatheWhipsaw,2,2
2026-02-06,09:46,ENTRY,LONG,Ruptura,96,5,100,0,96,1,100,0,100,0,75,0,100,0,25152,50,0,00,25124,80,25037,81,24951,88,85,93,35,60,0,00,-165,00,688,50,,3,2
2026-02-06,09:48,EXIT,LONG,Ruptura,96,5,100,0,96,1,100,0,100,0,75,0,100,0,25152,50,25148,00,25124,80,25045,33,24953,88,91,44,35,91,-9,00,-174,00,679,50,BreatheWhipsaw,3,3
2026-02-06,09:52,ENTRY,LONG,Ruptura,95,0,100,0,100,0,100,0,100,0,50,0,100,0,25187,25,0,00,25165,40,25060,54,24957,88,102,66,39,80,0,00,-174,00,679,50,,4,3
2026-02-06,09:55,EXIT,LONG,Ruptura,95,0,100,0,100,0,100,0,100,0,50,0,100,0,25187,25,25120,00,25165,40,25068,81,24960,08,108,73,39,54,-134,50,-308,50,545,00,HardStop,4,3
2026-02-09,09:40,ENTRY,LONG,Ruptura,82,4,60,1,94,1,70,0,75,4,75,0,100,0,25348,75,0,00,25321,58,25285,68,25327,85,42,18,25,89,0,00,0,00,545,00,,1,0
2026-02-09,09:52,EXIT,LONG,Ruptura,82,4,60,1,94,1,70,0,75,4,75,0,100,0,25348,75,25330,00,25394,00,25306,18,25326,28,20,11,29,50,-37,50,-37,50,507,50,TrailStop,1,0
2026-02-09,10:20,ENTRY,LONG,Ruptura,91,8,74,3,97,5,100,0,100,0,100,0,75,1,25463,75,0,00,25445,25,25385,04,25325,86,59,17,27,62,0,00,-37,50,507,50,,2,0
2026-02-09,10:24,EXIT,LONG,Ruptura,91,8,74,3,97,5,100,0,100,0,100,0,75,1,25463,75,25435,50,25445,25,25396,41,25326,37,70,04,26,44,-56,50,-94,00,451,00,BreatheWhipsaw,2,1
2026-02-09,10:36,ENTRY,LONG,Ruptura,87,7,100,0,100,0,100,0,100,0,50,0,63,3,25482,25,0,00,25460,05,25417,71,25327,71,90,00,26,93,0,00,-94,00,451,00,,3,1
2026-02-09,10:48,EXIT,LONG,Ruptura,87,7,100,0,100,0,100,0,100,0,50,0,63,3,25482,25,25484,50,25485,00,25450,33,25330,64,119,69,22,73,4,50,-89,50,455,50,TrailStop,3,1
2026-02-09,10:50,ENTRY,LONG,Tendencia,94,9,100,0,100,0,100,0,100,0,100,0,48,6,25511,00,0,00,25492,72,25454,94,25331,26,123,68,23,03,0,00,-89,50,455,50,,4,1
2026-02-09,12:02,EXIT,LONG,Tendencia,94,9,100,0,100,0,100,0,100,0,100,0,48,6,25511,00,25620,50,25610,06,25590,18,25364,36,225,81,10,28,219,00,129,50,674,50,TrailStop,4,1
2026-02-09,12:04,ENTRY,LONG,Tendencia,90,4,100,0,100,0,100,0,99,1,75,0,30,0,25624,00,0,00,25620,00,25593,74,25365,61,228,12,10,21,0,00,129,50,674,50,,5,1
2026-02-09,12:17,EXIT,LONG,Tendencia,90,4,100,0,100,0,100,0,99,1,75,0,30,0,25624,00,25628,75,25631,75,25610,78,25373,75,237,03,8,61,9,50,139,00,684,00,TrailStop,5,1
2026-02-09,12:22,ENTRY,LONG,Tendencia,85,5,100,0,100,0,100,0,100,0,25,0,30,0,25623,25,0,00,25613,65,25619,29,25378,11,241,18,8,47,0,00,139,00,684,00,,6,1
2026-02-09,12:28,EXIT,LONG,Tendencia,85,5,100,0,100,0,100,0,100,0,25,0,30,0,25623,25,25604,75,25613,65,25622,11,25382,68,239,43,8,70,-37,00,102,00,647,00,TrailStop,6,1
2026-02-09,12:55,ENTRY,SHORT,Tendencia,75,7,100,0,100,0,40,0,100,0,75,0,31,7,25587,75,0,00,25596,00,25611,38,25401,74,209,63,7,62,0,00,102,00,647,00,,7,1
2026-02-09,13:05,EXIT,SHORT,Tendencia,75,7,100,0,100,0,40,0,100,0,75,0,31,7,25587,75,25577,50,25578,62,25599,79,25410,53,189,26,8,97,20,50,122,50,667,50,TrailStop,7,1
2026-02-09,13:11,ENTRY,LONG,Tendencia,90,7,100,0,100,0,100,0,100,0,50,0,56,9,25601,75,0,00,25592,25,25596,46,25414,38,182,09,10,90,0,00,122,50,667,50,,8,1
2026-02-09,13:15,EXIT,LONG,Tendencia,90,7,100,0,100,0,100,0,100,0,50,0,56,9,25601,75,25592,00,25592,25,25594,98,25418,22,176,76,10,54,-19,50,103,00,648,00,BreatheWhipsaw,8,2
2026-02-10,10:32,ENTRY,LONG,Ruptura,85,2,58,8,100,0,100,0,100,0,50,0,71,8,25652,50,0,00,25630,38,25620,50,25579,94,40,56,26,16,0,00,0,00,648,00,,1,0
2026-02-10,10:36,EXIT,LONG,Ruptura,85,2,58,8,100,0,100,0,100,0,50,0,71,8,25652,50,25626,75,25630,38,25625,16,25580,71,44,45,25,08,-51,50,-51,50,596,50,BreatheWhipsaw,1,1
2026-02-10,14:21,ENTRY,SHORT,Ruptura,86,0,75,3,100,0,100,0,100,0,100,0,42,5,25521,25,0,00,25508,28,25517,04,25577,29,60,26,11,04,0,00,-51,50,596,50,,2,1
2026-02-10,14:25,EXIT,SHORT,Ruptura,86,0,75,3,100,0,100,0,100,0,100,0,42,5,25521,25,25524,50,25508,28,25517,03,25576,88,59,85,11,89,-6,50,-58,00,590,00,BreatheWhipsaw,2,2
2026-02-10,15:38,ENTRY,SHORT,Ruptura,89,7,93,5,100,0,100,0,100,0,100,0,52,0,25455,25,0,00,25463,19,25488,09,25562,85,74,76,10,92,0,00,-58,00,590,00,,3,2
2026-02-10,15:42,EXIT,SHORT,Ruptura,89,7,93,5,100,0,100,0,100,0,100,0,52,0,25455,25,25468,25,25463,19,25483,28,25561,73,78,45,11,00,-26,00,-84,00,564,00,BreatheWhipsaw,3,3
2026-02-11,09:38,ENTRY,SHORT,Ruptura,80,3,100,0,75,6,40,0,100,0,100,0,92,3,25587,00,0,00,25618,23,25643,05,25495,14,147,91,23,64,0,00,0,00,564,00,,1,0
2026-02-11,09:42,EXIT,SHORT,Ruptura,80,3,100,0,75,6,40,0,100,0,100,0,92,3,25587,00,25605,00,25618,23,25635,13,25495,65,139,48,26,92,-36,00,-36,00,528,00,BreatheWhipsaw,1,1
2026-02-11,10:10,ENTRY,SHORT,Ruptura,89,9,100,0,100,0,70,0,100,0,100,0,79,7,25459,00,0,00,25484,32,25578,71,25498,08,80,63,30,76,0,00,-36,00,528,00,,2,1
2026-02-11,10:30,EXIT,SHORT,Ruptura,89,9,100,0,100,0,70,0,100,0,100,0,79,7,25459,00,25312,50,25335,92,25446,53,25489,61,43,09,36,21,293,00,257,00,821,00,TrailStop,2,1
2026-02-11,10:32,ENTRY,SHORT,Ruptura,85,5,71,3,100,0,100,0,100,0,25,0,79,2,25340,00,0,00,25372,75,25433,21,25488,80,55,59,37,34,0,00,257,00,821,00,,3,1
2026-02-11,10:38,EXIT,SHORT,Ruptura,85,5,71,3,100,0,100,0,100,0,25,0,79,2,25340,00,25360,75,25372,75,25399,05,25486,32,87,27,37,98,-41,50,215,50,779,50,TrailStop,3,1
2026-02-11,10:40,ENTRY,SHORT,Tendencia,89,9,100,0,100,0,100,0,100,0,25,0,73,8,25396,75,0,00,25414,59,25391,88,25485,59,93,72,37,12,0,00,215,50,779,50,,4,1
2026-02-11,10:46,EXIT,SHORT,Tendencia,89,9,100,0,100,0,100,0,100,0,25,0,73,8,25396,75,25399,00,25414,59,25373,04,25484,04,111,00,35,61,-4,50,211,00,775,00,TrailStop,4,1
2026-02-11,10:52,ENTRY,LONG,Tendencia,75,6,100,0,100,0,40,0,92,5,50,0,63,7,25416,75,0,00,25374,67,25361,86,25482,47,120,61,35,08,0,00,211,00,775,00,,5,1
2026-02-11,11:28,EXIT,LONG,Tendencia,75,6,100,0,100,0,40,0,92,5,50,0,63,7,25416,75,25428,50,25456,24,25451,51,25479,35,27,83,26,85,23,50,234,50,798,50,TrailStop,5,1
2026-02-11,12:00,ENTRY,SHORT,Tendencia,79,2,55,0,100,0,100,0,100,0,75,0,30,0,25399,00,0,00,25415,00,25441,65,25477,63,35,98,20,26,0,00,234,50,798,50,,6,1
2026-02-11,12:10,EXIT,SHORT,Tendencia,79,2,55,0,100,0,100,0,100,0,75,0,30,0,25399,00,25426,50,25415,00,25424,35,25475,62,51,27,20,70,-55,00,179,50,743,50,TrailStop,6,1
2026-02-11,12:26,ENTRY,LONG,Ruptura,76,7,63,2,100,0,70,0,100,0,75,0,44,4,25505,00,0,00,25482,80,25428,44,25474,30,45,86,24,45,0,00,179,50,743,50,,7,1
2026-02-11,12:54,EXIT,LONG,Ruptura,76,7,63,2,100,0,70,0,100,0,75,0,44,4,25505,00,25523,75,25519,66,25494,95,25478,90,16,06,19,17,37,50,217,00,781,00,TrailStop,7,1
2026-02-11,14:26,ENTRY,LONG,Ruptura,83,0,51,5,100,0,100,0,100,0,100,0,39,2,25581,75,0,00,25565,50,25528,43,25496,67,31,75,13,07,0,00,217,00,781,00,,8,1
2026-02-11,14:32,EXIT,LONG,Ruptura,83,0,51,5,100,0,100,0,100,0,100,0,39,2,25581,75,25568,25,25565,50,25537,66,25497,97,39,69,13,26,-27,00,190,00,754,00,TrailStop,8,1
2026-02-12,09:40,ENTRY,SHORT,Ruptura,80,4,51,2,100,0,40,0,100,0,100,0,86,2,25599,00,0,00,25593,57,25596,89,25565,42,31,46,14,75,0,00,0,00,754,00,,1,0
2026-02-12,09:42,EXIT,SHORT,Ruptura,80,4,51,2,100,0,40,0,100,0,100,0,86,2,25599,00,25583,75,25593,57,25595,73,25565,77,29,95,14,95,30,50,30,50,784,50,BreatheWhipsaw,1,1
2026-02-12,10:10,ENTRY,SHORT,Ruptura,97,4,74,4,100,0,100,0,100,0,100,0,100,0,25413,75,0,00,25418,68,25503,50,25562,73,59,22,30,57,0,00,30,50,784,50,,2,1
2026-02-12,10:12,EXIT,SHORT,Ruptura,97,4,74,4,100,0,100,0,100,0,100,0,100,0,25413,75,25404,50,25418,68,25494,96,25562,22,67,26,30,94,18,50,49,00,803,00,BreatheWhipsaw,2,2
2026-02-12,10:38,ENTRY,SHORT,Ruptura,94,2,100,0,100,0,100,0,100,0,100,0,70,8,25358,00,0,00,25390,74,25433,11,25556,02,122,91,27,65,0,00,49,00,803,00,,3,2
2026-02-12,10:48,EXIT,SHORT,Ruptura,94,2,100,0,100,0,100,0,100,0,100,0,70,8,25358,00,25333,75,25324,00,25404,48,25550,47,146,00,26,22,48,50,97,50,851,50,TrailStop,3,2
2026-02-12,10:50,ENTRY,SHORT,Tendencia,75,5,100,0,10,0,100,0,100,0,75,0,60,5,25312,25,0,00,25327,25,25400,95,25549,29,148,34,26,15,0,00,97,50,851,50,,4,2
2026-02-12,10:52,EXIT,SHORT,Tendencia,75,5,100,0,10,0,100,0,100,0,75,0,60,5,25312,25,25337,00,25327,25,25397,50,25548,19,150,69,26,34,-49,50,48,00,802,00,BreatheWhipsaw,4,3
2026-02-12,10:56,ENTRY,SHORT,Ruptura,89,9,100,0,100,0,100,0,100,0,75,0,62,1,25265,00,0,00,25287,86,25381,29,25545,58,164,29,28,14,0,00,48,00,802,00,,5,3
2026-02-12,11:04,EXIT,SHORT,Ruptura,89,9,100,0,100,0,100,0,100,0,75,0,62,1,25265,00,25239,00,25233,50,25340,48,25539,19,198,71,28,11,52,00,100,00,854,00,TrailStop,5,3
2026-02-12,11:06,ENTRY,SHORT,Tendencia,91,0,100,0,100,0,100,0,100,0,50,0,59,7,25186,25,0,00,25212,30,25327,55,25537,35,209,80,29,40,0,00,100,00,854,00,,6,3
2026-02-12,11:34,EXIT,SHORT,Tendencia,91,0,100,0,100,0,100,0,100,0,50,0,59,7,25186,25,25070,00,25073,02,25150,18,25506,16,355,99,34,15,232,50,332,50,1086,50,TrailStop,6,3
2026-02-13,10:32,ENTRY,LONG,Ruptura,81,2,54,0,71,9,100,0,100,0,100,0,64,1,25097,00,0,00,25074,50,24989,60,24954,76,34,84,49,56,0,00,0,00,1086,50,,1,0
2026-02-13,10:40,EXIT,LONG,Ruptura,81,2,54,0,71,9,100,0,100,0,100,0,64,1,25097,00,25039,00,25074,50,25023,83,24958,14,65,69,48,14,-116,00,-116,00,970,50,TrailStop,1,0
2026-02-13,10:48,ENTRY,SHORT,Tendencia,75,8,93,8,84,6,40,0,100,0,100,0,54,1,24960,50,0,00,24998,00,25034,84,24959,79,75,04,45,26,0,00,-116,00,970,50,,2,0
2026-02-13,10:52,EXIT,SHORT,Tendencia,75,8,93,8,84,6,40,0,100,0,100,0,54,1,24960,50,25028,25,24998,00,25031,10,24960,09,71,01,46,53,-135,50,-251,50,835,00,BreatheWhipsaw,2,1
2026-02-16,09:39,ENTRY,SHORT,Ruptura,84,2,60,0,86,4,100,0,100,0,50,0,83,0,24959,75,0,00,24972,15,25018,35,25060,38,42,03,11,87,0,00,0,00,835,00,,1,0
2026-02-16,09:50,EXIT,SHORT,Ruptura,84,2,60,0,86,4,100,0,100,0,50,0,83,0,24959,75,24950,75,24936,00,24983,21,25054,49,71,28,14,43,18,00,18,00,853,00,TrailStop,1,0
2026-02-16,09:52,ENTRY,SHORT,Tendencia,89,5,93,4,100,0,100,0,100,0,25,0,86,9,24964,00,0,00,24970,61,24978,85,25053,56,74,71,14,15,0,00,18,00,853,00,,2,0
2026-02-16,09:56,EXIT,SHORT,Tendencia,89,5,93,4,100,0,100,0,100,0,25,0,86,9,24964,00,24991,25,24970,61,24973,96,25052,14,78,17,14,22,-54,50,-36,50,798,50,BreatheWhipsaw,2,1
2026-02-16,10:22,ENTRY,SHORT,Ruptura,91,9,88,1,100,0,100,0,99,8,100,0,65,4,24946,50,0,00,24956,21,24975,41,25045,91,70,50,13,28,0,00,-36,50,798,50,,3,1
2026-02-16,10:25,EXIT,SHORT,Ruptura,91,9,88,1,100,0,100,0,99,8,100,0,65,4,24946,50,24943,75,24956,21,24976,21,25045,46,69,24,13,65,5,50,-31,00,804,00,BreatheWhipsaw,3,2
2026-02-16,10:26,ENTRY,SHORT,Ruptura,86,9,85,1,100,0,100,0,100,0,50,0,67,1,24934,00,0,00,24939,75,24976,84,25044,93,68,09,14,04,0,00,-31,00,804,00,,4,2
2026-02-16,10:29,EXIT,SHORT,Ruptura,86,9,85,1,100,0,100,0,100,0,50,0,67,1,24934,00,24936,75,24939,75,24977,20,25044,59,67,39,13,43,-5,50,-36,50,798,50,BreatheWhipsaw,4,3
2026-02-16,10:30,ENTRY,SHORT,Ruptura,86,0,85,1,100,0,100,0,100,0,50,0,62,3,24927,00,0,00,24935,00,24976,23,25044,28,68,05,13,41,0,00,-36,50,798,50,,5,3
2026-02-16,10:32,EXIT,SHORT,Ruptura,86,0,85,1,100,0,100,0,100,0,50,0,62,3,24927,00,24920,25,24935,00,24974,23,25043,98,69,75,13,88,13,50,-23,00,812,00,BreatheWhipsaw,5,4
2026-02-16,11:38,ENTRY,SHORT,Ruptura,90,2,100,0,100,0,100,0,100,0,100,0,51,0,24902,00,0,00,24911,75,24932,80,25033,55,100,74,13,58,0,00,-23,00,812,00,,6,4
2026-02-16,11:44,EXIT,SHORT,Ruptura,90,2,100,0,100,0,100,0,100,0,100,0,51,0,24902,00,24924,00,24911,75,24931,70,25032,21,100,51,13,42,-44,00,-67,00,768,00,TrailStop,6,4
2026-02-16,11:48,ENTRY,SHORT,Tendencia,87,6,100,0,100,0,100,0,100,0,25,0,50,5,24934,25,0,00,24942,55,24932,54,25031,41,98,88,13,41,0,00,-67,00,768,00,,7,4
2026-02-16,11:50,EXIT,SHORT,Tendencia,87,6,100,0,100,0,100,0,100,0,25,0,50,5,24934,25,24945,00,24942,55,24932,40,25030,92,98,52,13,27,-21,50,-88,50,746,50,BreatheWhipsaw,7,5
2026-02-17,09:38,ENTRY,LONG,Ruptura,90,7,53,7,91,0,100,0,95,1,100,0,91,5,25024,75,0,00,24994,99,24882,05,24847,65,34,40,29,02,0,00,0,00,746,50,,1,0
2026-02-17,09:40,EXIT,LONG,Ruptura,90,7,53,7,91,0,100,0,95,1,100,0,91,5,25024,75,25005,25,24994,99,24890,06,24848,66,41,41,29,85,-39,00,-39,00,707,50,BreatheWhipsaw,1,1
2026-02-17,09:52,ENTRY,SHORT,Ruptura,85,5,65,1,100,0,70,0,100,0,50,0,100,0,24797,25,0,00,24820,10,24899,03,24850,89,48,13,46,13,0,00,-39,00,707,50,,2,1
2026-02-17,10:04,EXIT,SHORT,Ruptura,85,5,65,1,100,0,70,0,100,0,50,0,100,0,24797,25,24778,75,24738,00,24857,65,24848,24,9,42,47,17,37,00,-2,00,744,50,TrailStop,2,1
2026-02-17,10:18,ENTRY,SHORT,Ruptura,85,0,67,7,100,0,100,0,100,0,25,0,78,7,24790,25,0,00,24816,45,24793,51,24844,80,51,29,44,27,0,00,-2,00,744,50,,3,1
2026-02-17,10:19,EXIT,SHORT,Ruptura,85,0,67,7,100,0,100,0,100,0,25,0,78,7,24790,25,24856,00,24816,45,24793,51,24844,80,51,29,44,27,-131,50,-133,50,613,00,HardStop,3,1
2026-02-17,10:20,ENTRY,LONG,Ruptura,87,5,74,6,100,0,70,0,100,0,100,0,80,4,24848,25,0,00,24815,52,24785,33,24844,79,59,47,46,31,0,00,-133,50,613,00,,4,1
2026-02-17,10:22,EXIT,LONG,Ruptura,87,5,74,6,100,0,70,0,100,0,100,0,80,4,24848,25,24786,50,24815,52,24775,74,24844,54,68,81,46,80,-123,50,-257,00,489,50,BreatheWhipsaw,4,2
2026-02-18,09:44,ENTRY,LONG,Ruptura,82,4,69,2,100,0,40,0,100,0,75,0,100,0,25083,00,0,00,25060,95,25039,74,25092,72,52,99,28,06,0,00,0,00,489,50,,1,0
2026-02-18,09:46,EXIT,LONG,Ruptura,82,4,69,2,100,0,40,0,100,0,75,0,100,0,25083,00,25090,50,25060,95,25041,59,25092,93,51,34,29,22,15,00,15,00,504,50,BreatheWhipsaw,1,1
2026-02-18,09:56,ENTRY,LONG,Ruptura,90,5,64,6,100,0,70,0,100,0,100,0,100,0,25121,75,0,00,25100,95,25045,75,25093,29,47,54,32,07,0,00,15,00,504,50,,2,1
2026-02-18,10:12,EXIT,LONG,Ruptura,90,5,64,6,100,0,70,0,100,0,100,0,100,0,25121,75,25226,00,25220,31,25111,75,25100,01,11,74,30,36,208,50,223,50,713,00,TrailStop,2,1
2026-02-18,10:16,ENTRY,LONG,Ruptura,88,7,53,4,100,0,100,0,100,0,75,0,79,2,25272,00,0,00,25254,25,25136,38,25102,30,34,08,29,79,0,00,223,50,713,00,,3,1
2026-02-18,10:32,EXIT,LONG,Ruptura,88,7,53,4,100,0,100,0,100,0,75,0,79,2,25272,00,25248,75,25254,25,25229,76,25111,56,118,21,24,86,-46,50,177,00,666,50,TrailStop,3,1
2026-02-18,10:34,ENTRY,LONG,Tendencia,81,8,100,0,68,3,100,0,100,0,25,0,56,4,25251,00,0,00,25226,32,25238,34,25112,53,125,80,24,24,0,00,177,00,666,50,,4,1
2026-02-18,10:44,EXIT,LONG,Tendencia,81,8,100,0,68,3,100,0,100,0,25,0,56,4,25251,00,25279,75,25273,50,25265,29,25118,30,146,98,22,30,57,50,234,50,724,00,TrailStop,4,1
2026-02-18,10:48,ENTRY,LONG,Tendencia,81,0,100,0,56,7,100,0,78,2,75,0,43,9,25293,25,0,00,25288,50,25269,06,25120,94,148,12,20,97,0,00,234,50,724,00,,5,1
2026-02-18,10:52,EXIT,LONG,Tendencia,81,0,100,0,56,7,100,0,78,2,75,0,43,9,25293,25,25283,25,25288,50,25274,01,25123,59,150,42,20,37,-20,00,214,50,704,00,BreatheWhipsaw,5,2
2026-02-18,10:56,ENTRY,LONG,Ruptura,85,8,100,0,100,0,100,0,100,0,75,0,41,6,25317,50,0,00,25302,34,25278,40,25126,42,151,99,20,88,0,00,214,50,704,00,,6,2
2026-02-18,11:00,EXIT,LONG,Ruptura,85,8,100,0,100,0,100,0,100,0,75,0,41,6,25317,50,25306,00,25302,34,25281,90,25128,97,152,93,19,95,-23,00,191,50,681,00,BreatheWhipsaw,6,3
2026-02-18,12:08,ENTRY,LONG,Ruptura,87,3,100,0,100,0,100,0,100,0,100,0,36,6,25342,50,0,00,25337,68,25313,55,25164,03,149,52,14,09,0,00,191,50,681,00,,7,3
2026-02-18,12:10,EXIT,LONG,Ruptura,87,3,100,0,100,0,100,0,100,0,100,0,36,6,25342,50,25325,50,25337,68,25314,64,25164,97,149,67,14,62,-34,00,157,50,647,00,BreatheWhipsaw,7,4
2026-02-18,14:54,ENTRY,SHORT,Ruptura,87,3,54,1,100,0,100,0,100,0,100,0,59,6,25122,50,0,00,25131,00,25182,11,25217,01,34,90,14,95,0,00,157,50,647,00,,8,4
2026-02-18,15:04,EXIT,SHORT,Ruptura,87,3,54,1,100,0,100,0,100,0,100,0,59,6,25122,50,25121,25,25131,00,25154,41,25217,23,62,82,16,70,2,50,160,00,649,50,TrailStop,8,4
2026-02-19,09:36,ENTRY,SHORT,Ruptura,95,8,86,5,100,0,100,0,100,0,100,0,85,6,25008,75,0,00,25028,24,25063,23,25132,46,69,23,17,98,0,00,0,00,649,50,,1,0
2026-02-19,09:38,EXIT,SHORT,Ruptura,95,8,86,5,100,0,100,0,100,0,100,0,85,6,25008,75,25051,00,25028,24,25060,68,25131,55,70,88,20,93,-84,50,-84,50,565,00,BreatheWhipsaw,1,1
2026-02-19,09:54,ENTRY,LONG,Ruptura,87,0,90,5,100,0,40,0,100,0,100,0,100,0,25114,00,0,00,25080,94,25052,43,25124,80,72,38,32,08,0,00,-84,50,565,00,,2,1
2026-02-19,09:56,EXIT,LONG,Ruptura,87,0,90,5,100,0,40,0,100,0,100,0,100,0,25114,00,25121,50,25080,94,25055,85,25124,36,68,51,32,99,15,00,-69,50,580,00,BreatheWhipsaw,2,2
2026-02-19,10:04,ENTRY,LONG,Ruptura,88,8,72,6,100,0,70,0,100,0,75,0,100,0,25162,50,0,00,25137,80,25065,43,25122,54,57,12,35,60,0,00,-69,50,580,00,,3,2
2026-02-19,10:06,EXIT,LONG,Ruptura,88,8,72,6,100,0,70,0,100,0,75,0,100,0,25162,50,25121,75,25137,80,25068,06,25122,17,54,11,35,20,-81,50,-151,00,498,50,BreatheWhipsaw,3,3
2026-02-20,09:42,ENTRY,LONG,Ruptura,79,4,100,0,85,5,40,0,100,0,50,0,100,0,25093,00,0,00,25062,50,24977,80,25089,69,111,89,31,56,0,00,0,00,498,50,,1,0
2026-02-20,10:06,EXIT,LONG,Ruptura,79,4,100,0,85,5,40,0,100,0,50,0,100,0,25093,00,25116,00,25119,75,25083,34,25087,66,4,32,56,32,46,00,46,00,544,50,TrailStop,1,0
2026-02-20,10:14,ENTRY,LONG,Ruptura,87,0,56,3,95,3,100,0,100,0,25,0,100,0,25159,00,0,00,25111,86,25125,43,25087,84,37,59,59,19,0,00,46,00,544,50,,2,0
2026-02-20,10:16,EXIT,LONG,Ruptura,87,0,56,3,95,3,100,0,100,0,25,0,100,0,25159,00,25085,00,25111,86,25128,75,25087,76,40,99,57,59,-148,00,-102,00,396,50,HardStop,2,0
2026-02-20,10:22,ENTRY,LONG,Ruptura,92,1,73,7,100,0,100,0,100,0,50,0,98,4,25235,25,0,00,25186,12,25146,79,25088,31,58,47,59,50,0,00,-102,00,396,50,,3,0
2026-02-20,10:30,EXIT,LONG,Ruptura,92,1,73,7,100,0,100,0,100,0,50,0,98,4,25235,25,25191,25,25212,25,25163,70,25089,31,74,39,55,51,-88,00,-190,00,308,50,TrailStop,3,0
2026-02-20,10:38,ENTRY,LONG,Tendencia,92,9,100,0,89,4,100,0,100,0,75,0,75,0,25206,50,0,00,25169,50,25182,21,25089,55,92,66,54,10,0,00,-190,00,308,50,,4,0
2026-02-20,10:48,EXIT,LONG,Tendencia,92,9,100,0,89,4,100,0,100,0,75,0,75,0,25206,50,25285,50,25256,50,25205,29,25092,16,113,13,51,08,158,00,-32,00,466,50,TrailStop,4,0
2026-02-20,10:50,ENTRY,LONG,Tendencia,77,9,100,0,14,2,100,0,88,5,100,0,61,9,25298,50,0,00,25281,00,25210,20,25092,88,117,32,49,86,0,00,-32,00,466,50,,5,0
2026-02-20,11:06,EXIT,LONG,Tendencia,77,9,100,0,14,2,100,0,88,5,100,0,61,9,25298,50,25325,25,25340,00,25267,36,25100,67,166,70,37,99,53,50,21,50,520,00,TrailStop,5,0
2026-02-20,11:14,ENTRY,LONG,Tendencia,75,7,100,0,50,9,100,0,100,0,25,0,30,0,25301,25,0,00,25301,54,25293,69,25104,40,189,28,31,29,0,00,21,50,520,00,,6,0
2026-02-20,11:16,EXIT,LONG,Tendencia,75,7,100,0,50,9,100,0,100,0,25,0,30,0,25301,25,25255,00,25301,54,25299,35,25105,08,194,27,33,46,-92,50,-71,00,427,50,BreatheWhipsaw,6,1
2026-02-20,13:42,ENTRY,LONG,Ruptura,92,5,100,0,100,0,100,0,100,0,100,0,62,6,25285,25,0,00,25260,00,25219,94,25139,22,80,72,35,38,0,00,-71,00,427,50,,7,1
2026-02-20,13:44,EXIT,LONG,Ruptura,92,5,100,0,100,0,100,0,100,0,100,0,62,6,25285,25,25263,25,25260,00,25220,91,25140,23,80,68,35,44,-44,00,-115,00,383,50,BreatheWhipsaw,7,2
2026-02-20,13:46,ENTRY,LONG,Ruptura,88,4,100,0,100,0,100,0,100,0,50,0,67,0,25331,25,0,00,25292,03,25225,46,25141,63,83,83,38,62,0,00,-115,00,383,50,,8,2
2026-02-20,13:52,EXIT,LONG,Ruptura,88,4,100,0,100,0,100,0,100,0,50,0,67,0,25331,25,25297,75,25292,03,25237,71,25145,74,91,97,38,23,-67,00,-182,00,316,50,TrailStop,8,2
2026-02-23,09:40,ENTRY,LONG,Ruptura,85,3,52,9,90,2,100,0,100,0,25,0,100,0,25239,75,0,00,25188,68,25178,65,25145,12,33,53,19,77,0,00,0,00,316,50,,1,0
2026-02-23,09:41,EXIT,LONG,Ruptura,85,3,52,9,90,2,100,0,100,0,25,0,100,0,25239,75,25135,00,25188,68,25178,65,25145,12,33,53,19,77,-209,50,-209,50,107,00,HardStop,1,0
2026-02-23,09:42,ENTRY,SHORT,Ruptura,86,6,51,4,100,0,70,0,100,0,75,0,100,0,25115,00,0,00,25147,80,25177,23,25145,59,31,64,24,07,0,00,-209,50,107,00,,2,0
2026-02-23,09:52,EXIT,SHORT,Ruptura,86,6,51,4,100,0,70,0,100,0,75,0,100,0,25115,00,25173,00,25140,00,25169,55,25147,53,22,02,31,73,-116,00,-325,50,-9,00,TrailStop,2,0
2026-02-24,10:14,ENTRY,LONG,Ruptura,87,6,54,0,100,0,100,0,100,0,25,0,98,5,25080,00,0,00,25063,18,25085,60,25050,76,34,84,34,43,0,00,0,00,-9,00,,1,0
2026-02-24,10:56,EXIT,LONG,Ruptura,87,6,54,0,100,0,100,0,100,0,25,0,98,5,25080,00,25208,00,25209,97,25201,73,25065,66,136,06,21,70,256,00,256,00,247,00,TrailStop,1,0
2026-02-24,11:04,ENTRY,LONG,Tendencia,84,8,100,0,69,3,100,0,100,0,75,0,34,7,25236,75,0,00,25230,00,25218,41,25069,65,148,76,20,76,0,00,256,00,247,00,,2,0
2026-02-24,11:08,EXIT,LONG,Tendencia,84,8,100,0,69,3,100,0,100,0,75,0,34,7,25236,75,25230,25,25230,00,25224,14,25071,94,152,20,21,10,-13,00,243,00,234,00,BreatheWhipsaw,2,1
2026-02-24,11:15,ENTRY,LONG,Ruptura,86,0,100,0,98,7,100,0,100,0,100,0,31,8,25251,50,0,00,25251,75,25225,96,25075,27,150,70,20,30,0,00,243,00,234,00,,3,1
2026-02-24,11:16,EXIT,LONG,Ruptura,86,0,100,0,98,7,100,0,100,0,100,0,31,8,25251,50,25240,50,25251,75,25227,88,25076,32,151,55,20,01,-22,00,221,00,212,00,BreatheWhipsaw,3,2
2026-02-24,11:56,ENTRY,LONG,Ruptura,86,1,100,0,100,0,100,0,100,0,100,0,30,7,25245,00,0,00,25244,25,25223,54,25097,95,125,58,16,28,0,00,221,00,212,00,,4,2
2026-02-24,11:58,EXIT,LONG,Ruptura,86,1,100,0,100,0,100,0,100,0,100,0,30,7,25245,00,25246,25,25244,25,25223,91,25098,94,124,97,15,80,2,50,223,50,214,50,BreatheWhipsaw,4,3
2026-02-24,12:28,ENTRY,LONG,Ruptura,86,0,100,0,100,0,100,0,100,0,100,0,30,0,25286,00,0,00,25283,75,25264,64,25116,37,148,26,11,26,0,00,223,50,214,50,,5,3
2026-02-24,12:30,EXIT,LONG,Ruptura,86,0,100,0,100,0,100,0,100,0,100,0,30,0,25286,00,25275,25,25283,75,25267,39,25117,54,149,85,11,12,-21,50,202,00,193,00,BreatheWhipsaw,5,4
2026-02-24,13:38,ENTRY,LONG,Ruptura,88,6,100,0,100,0,100,0,100,0,100,0,43,0,25266,25,0,00,25259,88,25260,26,25154,34,105,92,9,49,0,00,202,00,193,00,,6,4
2026-02-24,13:40,EXIT,LONG,Ruptura,88,6,100,0,100,0,100,0,100,0,100,0,43,0,25266,25,25263,75,25259,88,25259,88,25155,46,104,42,9,72,-5,00,197,00,188,00,BreatheWhipsaw,6,5
2026-02-25,09:32,ENTRY,LONG,Ruptura,92,6,86,4,100,0,100,0,100,0,50,0,95,0,25441,25,0,00,25434,14,25376,33,25307,24,69,09,13,15,0,00,0,00,188,00,,1,0
2026-02-25,09:34,EXIT,LONG,Ruptura,92,6,86,4,100,0,100,0,100,0,50,0,95,0,25441,25,25451,25,25434,14,25380,73,25308,03,72,70,13,42,20,00,20,00,208,00,BreatheWhipsaw,1,1
2026-02-25,09:46,ENTRY,LONG,Ruptura,98,2,100,0,92,7,100,0,100,0,100,0,100,0,25519,00,0,00,25506,56,25411,53,25313,80,97,73,19,92,0,00,20,00,208,00,,2,1
2026-02-25,09:54,EXIT,LONG,Ruptura,98,2,100,0,92,7,100,0,100,0,100,0,100,0,25519,00,25551,75,25537,75,25444,60,25319,55,125,05,22,54,65,50,85,50,273,50,TrailStop,2,1
2026-02-25,09:56,ENTRY,LONG,Tendencia,81,3,100,0,31,7,100,0,100,0,50,0,100,0,25555,25,0,00,25552,75,25453,86,25320,94,132,92,21,44,0,00,85,50,273,50,,3,1
2026-02-25,09:58,EXIT,LONG,Tendencia,81,3,100,0,31,7,100,0,100,0,50,0,100,0,25555,25,25548,75,25552,75,25462,78,25322,27,140,51,22,27,-13,00,72,50,260,50,BreatheWhipsaw,3,2
2026-02-25,10:00,ENTRY,LONG,Ruptura,95,0,100,0,100,0,100,0,100,0,50,0,100,0,25566,00,0,00,25556,71,25473,46,25323,69,149,78,23,05,0,00,72,50,260,50,,4,2
2026-02-25,10:06,EXIT,LONG,Ruptura,95,0,100,0,100,0,100,0,100,0,50,0,100,0,25566,00,25559,75,25556,71,25502,21,25327,72,174,49,20,99,-12,50,60,00,248,00,TrailStop,4,2
2026-02-25,10:08,ENTRY,LONG,Tendencia,91,8,100,0,100,0,100,0,100,0,25,0,93,0,25539,25,0,00,25515,15,25510,30,25329,03,181,27,21,79,0,00,60,00,248,00,,5,2
2026-02-25,10:18,EXIT,LONG,Tendencia,91,8,100,0,100,0,100,0,100,0,25,0,93,0,25539,25,25524,00,25515,15,25534,85,25335,73,199,13,20,34,-30,50,29,50,217,50,TrailStop,5,2
2026-02-25,10:28,ENTRY,LONG,Tendencia,93,9,100,0,100,0,100,0,100,0,75,0,63,6,25557,75,0,00,25533,00,25542,76,25342,22,200,54,18,66,0,00,29,50,217,50,,6,2
2026-02-25,10:36,EXIT,LONG,Tendencia,93,9,100,0,100,0,100,0,100,0,75,0,63,6,25557,75,25520,00,25533,00,25541,03,25347,58,193,45,19,32,-75,50,-46,00,142,00,TrailStop,6,2
2026-02-25,10:38,ENTRY,SHORT,Tendencia,80,9,100,0,100,0,40,0,100,0,100,0,59,3,25519,00,0,00,25522,50,25540,10,25348,81,191,29,18,82,0,00,-46,00,142,00,,7,2
2026-02-25,10:40,EXIT,SHORT,Tendencia,80,9,100,0,100,0,40,0,100,0,100,0,59,3,25519,00,25527,00,25522,50,25537,65,25350,09,187,56,18,12,-16,00,-62,00,126,00,BreatheWhipsaw,7,3
2026-02-25,12:58,ENTRY,LONG,Ruptura,86,9,100,0,100,0,100,0,100,0,100,0,34,5,25575,00,0,00,25570,00,25558,25,25435,83,122,42,6,63,0,00,-62,00,126,00,,8,3
2026-02-25,13:06,EXIT,LONG,Ruptura,86,9,100,0,100,0,100,0,100,0,100,0,34,5,25575,00,25567,00,25570,00,25561,11,25441,49,119,62,6,14,-16,00,-78,00,110,00,TrailStop,8,3
2026-02-26,09:52,ENTRY,SHORT,Ruptura,93,6,65,0,100,0,100,0,97,1,75,0,100,0,25436,25,0,00,25450,80,25529,26,25577,24,47,98,27,74,0,00,0,00,110,00,,1,0
2026-02-26,09:56,EXIT,SHORT,Ruptura,93,6,65,0,100,0,100,0,97,1,75,0,100,0,25436,25,25451,50,25450,80,25513,85,25576,46,62,61,29,19,-30,50,-30,50,79,50,BreatheWhipsaw,1,1
2026-02-26,10:02,ENTRY,SHORT,Ruptura,89,6,100,0,77,8,100,0,67,6,100,0,100,0,25355,00,0,00,25387,05,25484,69,25574,72,90,03,32,40,0,00,-30,50,79,50,,2,1
2026-02-26,10:04,EXIT,SHORT,Ruptura,89,6,100,0,77,8,100,0,67,6,100,0,100,0,25355,00,25425,00,25387,05,25475,13,25574,08,98,95,33,50,-140,00,-170,50,-60,50,BreatheWhipsaw,2,2
2026-02-26,10:14,ENTRY,SHORT,Ruptura,95,0,100,0,100,0,100,0,100,0,50,0,100,0,25310,00,0,00,25338,22,25427,05,25570,46,143,41,33,96,0,00,-170,50,-60,50,,3,2
2026-02-26,10:28,EXIT,SHORT,Ruptura,95,0,100,0,100,0,100,0,100,0,50,0,100,0,25310,00,25134,00,25183,40,25321,94,25558,35,236,42,40,65,352,00,181,50,291,50,TrailStop,3,2
2026-02-26,10:30,ENTRY,SHORT,Tendencia,82,1,100,0,48,7,100,0,98,6,25,0,100,0,25150,25,0,00,25160,00,25307,03,25556,46,249,43,41,69,0,00,181,50,291,50,,4,2
2026-02-26,10:38,EXIT,SHORT,Tendencia,82,1,100,0,48,7,100,0,98,6,25,0,100,0,25150,25,25160,00,25130,00,25247,78,25548,31,300,54,41,97,-19,50,162,00,272,00,TrailStop,4,2
2026-02-26,10:40,ENTRY,SHORT,Tendencia,91,2,100,0,100,0,100,0,100,0,25,0,87,0,25190,00,0,00,25192,75,25236,63,25546,53,309,91,42,03,0,00,162,00,272,00,,5,2
2026-02-26,10:42,EXIT,SHORT,Tendencia,91,2,100,0,100,0,100,0,100,0,25,0,87,0,25190,00,25214,25,25192,75,25229,04,25544,85,315,81,41,08,-48,50,113,50,223,50,BreatheWhipsaw,5,3
2026-02-26,11:38,ENTRY,SHORT,Ruptura,86,5,100,0,100,0,100,0,100,0,100,0,32,4,25235,00,0,00,25261,80,25259,63,25500,59,240,97,25,40,0,00,113,50,223,50,,6,3
2026-02-26,11:50,EXIT,SHORT,Ruptura,86,5,100,0,100,0,100,0,100,0,100,0,32,4,25235,00,25241,00,25222,25,25257,80,25489,56,231,76,24,91,-12,00,101,50,211,50,TrailStop,6,3
2026-02-26,11:54,ENTRY,SHORT,Tendencia,90,8,100,0,100,0,100,0,100,0,75,0,32,8,25207,50,0,00,25221,00,25255,11,25485,89,230,78,24,73,0,00,101,50,211,50,,7,3
2026-02-26,12:02,EXIT,SHORT,Tendencia,90,8,100,0,100,0,100,0,100,0,75,0,32,8,25207,50,25196,50,25192,25,25239,04,25478,08,239,04,24,09,22,00,123,50,233,50,TrailStop,7,3
2026-02-26,12:04,ENTRY,SHORT,Tendencia,85,6,100,0,100,0,100,0,100,0,25,0,31,3,25204,50,0,00,25220,47,25235,80,25476,24,240,44,22,96,0,00,123,50,233,50,,8,3
2026-02-26,12:07,EXIT,SHORT,Tendencia,85,6,100,0,100,0,100,0,100,0,25,0,31,3,25204,50,25222,25,25220,47,25232,33,25474,52,242,19,22,87,-35,50,88,00,198,00,BreatheWhipsaw,8,4
2026-02-27,09:40,ENTRY,LONG,Ruptura,79,4,100,0,100,0,40,0,100,0,50,0,82,0,25117,75,0,00,25091,99,25061,68,25194,38,132,71,28,01,0,00,0,00,198,00,,1,0
2026-02-27,09:42,EXIT,LONG,Ruptura,79,4,100,0,100,0,40,0,100,0,50,0,82,0,25117,75,25065,00,25091,99,25061,45,25193,49,132,04,29,15,-105,50,-105,50,92,50,BreatheWhipsaw,1,1
2026-02-27,09:44,ENTRY,SHORT,Ruptura,94,7,100,0,95,1,100,0,100,0,75,0,92,1,25010,00,0,00,25036,63,25058,90,25192,24,133,34,32,84,0,00,-105,50,92,50,,2,1
2026-02-27,09:45,EXIT,SHORT,Ruptura,94,7,100,0,95,1,100,0,100,0,75,0,92,1,25010,00,25084,25,25036,63,25058,90,25192,24,133,34,32,84,-148,50,-254,00,-56,00,HardStop,2,1
2026-03-30,09:44,ENTRY,SHORT,Ruptura,86,7,70,3,100,0,70,0,100,0,100,0,78,2,23377,50,0,00,23396,39,23489,01,23434,69,54,32,25,52,0,00,0,00,0,00,,1,0
2026-03-30,09:46,EXIT,SHORT,Ruptura,86,7,70,3,100,0,70,0,100,0,100,0,78,2,23377,50,23395,00,23396,39,23483,05,23434,80,48,25,25,58,-35,00,-35,00,-35,00,BreatheWhipsaw,1,1
2026-03-30,10:38,ENTRY,SHORT,Ruptura,90,5,100,0,100,0,100,0,100,0,75,0,65,2,23302,25,0,00,23325,20,23334,66,23429,05,94,39,30,26,0,00,-35,00,-35,00,,2,1
2026-03-30,10:42,EXIT,SHORT,Ruptura,90,5,100,0,100,0,100,0,100,0,75,0,65,2,23302,25,23313,25,23325,20,23335,39,23428,24,92,85,29,93,-22,00,-57,00,-57,00,BreatheWhipsaw,2,2
2026-03-30,11:18,ENTRY,SHORT,Ruptura,88,8,100,0,91,3,100,0,100,0,100,0,54,9,23306,50,0,00,23331,87,23333,94,23421,07,87,13,33,49,0,00,-57,00,-57,00,,3,2
2026-03-30,11:26,EXIT,SHORT,Ruptura,88,8,100,0,91,3,100,0,100,0,100,0,54,9,23306,50,23334,00,23331,87,23337,19,23418,67,81,48,31,69,-55,00,-112,00,-112,00,TrailStop,3,2
2026-03-30,11:32,ENTRY,SHORT,Tendencia,86,8,93,8,96,6,100,0,93,9,50,0,46,8,23329,25,0,00,23352,41,23342,24,23417,29,75,06,29,88,0,00,-112,00,-112,00,,4,2
2026-03-30,11:36,EXIT,SHORT,Tendencia,86,8,93,8,96,6,100,0,93,9,50,0,46,8,23329,25,23376,25,23352,41,23346,35,23416,45,70,10,31,16,-94,00,-206,00,-206,00,BreatheWhipsaw,4,3
2026-03-30,13:34,ENTRY,SHORT,Ruptura,86,0,100,0,95,6,100,0,89,7,100,0,43,1,23184,75,0,00,23199,03,23249,70,23386,62,136,92,20,04,0,00,-206,00,-206,00,,5,3
2026-03-30,13:40,EXIT,SHORT,Ruptura,86,0,100,0,95,6,100,0,89,7,100,0,43,1,23184,75,23188,50,23199,03,23233,74,23383,22,149,48,19,70,-7,50,-213,50,-213,50,TrailStop,5,3
2026-03-30,13:42,ENTRY,SHORT,Tendencia,83,3,100,0,84,6,100,0,93,8,25,0,45,2,23205,25,0,00,23209,00,23229,61,23382,19,152,58,20,11,0,00,-213,50,-213,50,,6,3
2026-03-30,13:44,EXIT,SHORT,Tendencia,83,3,100,0,84,6,100,0,93,8,25,0,45,2,23205,25,23208,25,23209,00,23225,35,23381,09,155,74,19,80,-6,00,-219,50,-219,50,BreatheWhipsaw,6,4
2026-03-30,14:30,ENTRY,SHORT,Ruptura,88,1,100,0,95,5,100,0,100,0,100,0,46,1,23161,25,0,00,23175,17,23194,31,23351,86,157,54,18,56,0,00,-219,50,-219,50,,7,4
2026-03-30,14:38,EXIT,SHORT,Ruptura,88,1,100,0,95,5,100,0,100,0,100,0,46,1,23161,25,23178,50,23175,17,23184,74,23345,84,161,10,17,70,-34,50,-254,00,-254,00,TrailStop,7,4
2026-03-30,14:50,ENTRY,SHORT,Tendencia,83,8,100,0,51,6,100,0,92,9,100,0,41,8,23153,25,0,00,23161,00,23174,30,23337,13,162,83,17,03,0,00,-254,00,-254,00,,8,4
2026-03-30,14:52,EXIT,SHORT,Tendencia,83,8,100,0,51,6,100,0,92,9,100,0,41,8,23153,25,23145,00,23161,00,23172,36,23335,57,163,20,17,15,16,50,-237,50,-237,50,BreatheWhipsaw,8,5
2026-03-31,09:50,ENTRY,LONG,Tendencia,87,5,91,7,76,7,100,0,80,9,100,0,61,9,23482,75,0,00,23459,22,23412,84,23339,48,73,36,31,71,0,00,0,00,-237,50,,1,0
2026-03-31,10:00,EXIT,LONG,Tendencia,87,5,91,7,76,7,100,0,80,9,100,0,61,9,23482,75,23522,00,23518,23,23449,85,23346,12,103,73,34,55,78,50,78,50,-159,00,TrailStop,1,0
2026-03-31,10:02,ENTRY,LONG,Tendencia,91,8,100,0,100,0,100,0,100,0,50,0,68,2,23577,50,0,00,23550,45,23458,75,23347,80,110,95,36,06,0,00,78,50,-159,00,,2,0
2026-03-31,10:04,EXIT,LONG,Tendencia,91,8,100,0,100,0,100,0,100,0,50,0,68,2,23577,50,23568,75,23550,45,23467,41,23349,34,118,07,35,90,-17,50,61,00,-176,50,BreatheWhipsaw,2,1
2026-03-31,11:16,ENTRY,LONG,Ruptura,87,6,100,0,100,0,100,0,99,3,75,0,50,8,23531,50,0,00,23505,93,23468,69,23379,88,88,81,33,76,0,00,61,00,-176,50,,3,1
2026-03-31,11:24,EXIT,LONG,Ruptura,87,6,100,0,100,0,100,0,99,3,75,0,50,8,23531,50,23500,25,23528,50,23470,28,23384,12,86,16,33,13,-62,50,-1,50,-239,00,TrailStop,3,1
2026-03-31,11:26,ENTRY,LONG,Tendencia,85,1,100,0,82,0,100,0,88,0,50,0,48,7,23521,75,0,00,23496,71,23472,00,23385,12,86,88,33,05,0,00,-1,50,-239,00,,4,1
2026-03-31,11:30,EXIT,LONG,Tendencia,85,1,100,0,82,0,100,0,88,0,50,0,48,7,23521,75,23496,25,23496,71,23475,64,23387,12,88,52,33,31,-51,00,-52,50,-290,00,BreatheWhipsaw,4,2
2026-03-31,12:10,ENTRY,LONG,Ruptura,86,8,100,0,100,0,100,0,100,0,75,0,46,4,23528,00,0,00,23504,51,23486,25,23402,84,83,41,30,65,0,00,-52,50,-290,00,,5,2
2026-03-31,12:14,EXIT,LONG,Ruptura,86,8,100,0,100,0,100,0,100,0,75,0,46,4,23528,00,23497,50,23504,51,23488,80,23404,78,84,02,29,95,-61,00,-113,50,-351,00,BreatheWhipsaw,5,3
2026-03-31,12:42,ENTRY,LONG,Ruptura,87,7,100,0,100,0,100,0,100,0,75,0,51,0,23668,50,0,00,23644,73,23535,39,23421,16,114,23,31,02,0,00,-113,50,-351,00,,6,3
2026-03-31,13:10,EXIT,LONG,Ruptura,87,7,100,0,100,0,100,0,100,0,75,0,51,0,23668,50,23809,75,23786,85,23720,14,23454,16,265,97,49,09,282,50,169,00,-68,50,TrailStop,6,3
2026-03-31,13:12,ENTRY,LONG,Tendencia,80,2,100,0,61,6,100,0,82,1,25,0,71,4,23774,75,0,00,23760,25,23731,35,23456,46,274,89,50,41,0,00,169,00,-68,50,,7,3
2026-03-31,13:28,EXIT,LONG,Tendencia,80,2,100,0,61,6,100,0,82,1,25,0,71,4,23774,75,23828,75,23839,50,23803,76,23479,30,324,46,44,47,108,00,277,00,39,50,TrailStop,7,3
2026-04-01,10:32,ENTRY,LONG,Tendencia,77,3,65,9,78,6,100,0,97,8,50,0,52,8,24186,50,0,00,24176,00,24154,88,24105,79,49,09,33,42,0,00,0,00,39,50,,1,0
2026-04-01,10:36,EXIT,LONG,Tendencia,77,3,65,9,78,6,100,0,97,8,50,0,52,8,24186,50,24170,75,24176,00,24162,24,24106,71,55,53,34,66,-31,50,-31,50,8,00,BreatheWhipsaw,1,1
2026-04-01,10:56,ENTRY,LONG,Ruptura,85,1,100,0,97,9,100,0,100,0,50,0,53,1,24253,75,0,00,24230,00,24194,54,24113,36,81,18,35,91,0,00,-31,50,8,00,,2,1
2026-04-01,11:08,EXIT,LONG,Ruptura,85,1,100,0,97,9,100,0,100,0,50,0,53,1,24253,75,24271,00,24263,00,24217,29,24118,92,98,37,31,07,34,50,3,00,42,50,TrailStop,2,1
2026-04-01,11:18,ENTRY,LONG,Tendencia,75,6,100,0,64,5,100,0,67,2,25,0,35,2,24263,50,0,00,24258,00,24241,15,24123,61,117,54,27,29,0,00,3,00,42,50,,3,1
2026-04-01,11:20,EXIT,LONG,Tendencia,75,6,100,0,64,5,100,0,67,2,25,0,35,2,24263,50,24260,25,24258,00,24246,59,24124,52,122,07,26,26,-6,50,-3,50,36,00,BreatheWhipsaw,3,2
2026-04-02,09:40,ENTRY,SHORT,Ruptura,88,7,68,1,100,0,100,0,100,0,50,0,84,4,23688,25,0,00,23711,30,23738,09,23789,76,51,68,29,06,0,00,0,00,36,00,,1,0
2026-04-02,09:42,EXIT,SHORT,Ruptura,88,7,68,1,100,0,100,0,100,0,50,0,84,4,23688,25,23737,50,23711,30,23738,18,23789,40,51,22,30,86,-98,50,-98,50,-62,50,BreatheWhipsaw,1,1
2026-04-02,10:34,ENTRY,LONG,Ruptura,87,8,100,0,91,4,100,0,88,8,75,0,70,6,24023,25,0,00,23993,82,23936,73,23798,17,138,55,40,24,0,00,-98,50,-62,50,,2,1
2026-04-02,15:50,EXIT,LONG,Ruptura,87,8,100,0,91,4,100,0,88,8,75,0,70,6,24023,25,24172,00,24023,25,24151,79,24075,39,76,39,15,01,297,50,199,00,235,00,OutOfSession,2,1
2026-04-06,13:48,ENTRY,SHORT,Ruptura,75,5,51,3,77,7,100,0,82,9,75,0,55,0,24272,75,0,00,24288,50,24278,60,24310,19,31,59,21,89,0,00,0,00,235,00,,1,0
2026-04-06,14:08,EXIT,SHORT,Ruptura,75,5,51,3,77,7,100,0,82,9,75,0,55,0,24272,75,24267,75,24263,50,24283,06,24308,67,25,61,18,34,10,00,10,00,245,00,TrailStop,1,0
2026-04-07,09:40,ENTRY,SHORT,Tendencia,76,1,66,7,76,0,100,0,77,0,50,0,65,1,24204,00,0,00,24241,79,24228,33,24278,32,49,99,30,79,0,00,0,00,245,00,,1,0
2026-04-07,09:54,EXIT,SHORT,Tendencia,76,1,66,7,76,0,100,0,77,0,50,0,65,1,24204,00,24184,25,24174,00,24211,79,24276,31,64,52,32,12,39,50,39,50,284,50,TrailStop,1,0
2026-04-07,09:58,ENTRY,SHORT,Tendencia,88,3,87,1,100,0,100,0,100,0,50,0,65,6,24150,50,0,00,24173,35,24205,96,24275,63,69,67,33,46,0,00,39,50,284,50,,2,0
2026-04-07,10:16,EXIT,SHORT,Tendencia,88,3,87,1,100,0,100,0,100,0,50,0,65,6,24150,50,24048,50,24045,72,24128,05,24267,99,139,94,33,40,204,00,243,50,488,50,TrailStop,2,0
2026-04-07,10:20,ENTRY,SHORT,Tendencia,76,1,100,0,38,1,100,0,100,0,25,0,59,9,24060,75,0,00,24057,75,24110,35,24266,20,155,85,32,68,0,00,243,50,488,50,,3,0
2026-04-07,10:22,EXIT,SHORT,Tendencia,76,1,100,0,38,1,100,0,100,0,25,0,59,9,24060,75,24098,50,24057,75,24105,35,24265,53,160,18,34,26,-75,50,168,00,413,00,BreatheWhipsaw,3,1
2026-04-07,10:44,ENTRY,SHORT,Ruptura,91,8,100,0,100,0,100,0,100,0,100,0,58,8,24063,75,0,00,24087,25,24075,68,24257,48,181,80,35,70,0,00,168,00,413,00,,4,1
2026-04-07,10:46,EXIT,SHORT,Ruptura,91,8,100,0,100,0,100,0,100,0,100,0,58,8,24063,75,24074,50,24087,25,24076,18,24256,44,180,27,35,15,-21,50,146,50,391,50,BreatheWhipsaw,4,2
2026-04-07,10:52,ENTRY,SHORT,Ruptura,86,5,100,0,95,1,100,0,93,0,75,0,56,2,24053,00,0,00,24079,70,24083,74,24253,10,169,36,35,26,0,00,146,50,391,50,,5,2
2026-04-07,10:54,EXIT,SHORT,Ruptura,86,5,100,0,95,1,100,0,93,0,75,0,56,2,24053,00,24069,00,24079,70,24086,05,24251,87,165,82,35,42,-32,00,114,50,359,50,BreatheWhipsaw,5,3
2026-04-07,10:56,ENTRY,SHORT,Ruptura,85,9,100,0,100,0,100,0,100,0,50,0,54,4,24050,50,0,00,24070,00,24086,13,24250,47,164,34,34,64,0,00,114,50,359,50,,6,3
2026-04-07,11:04,EXIT,SHORT,Ruptura,85,9,100,0,100,0,100,0,100,0,50,0,54,4,24050,50,23982,50,24011,75,24072,39,24243,95,171,56,35,23,136,00,250,50,495,50,TrailStop,6,3
2026-04-07,11:06,ENTRY,SHORT,Tendencia,92,9,100,0,92,0,100,0,90,1,100,0,54,7,23948,25,0,00,23975,72,24063,99,24241,94,177,95,36,30,0,00,250,50,495,50,,7,3
2026-04-07,11:11,EXIT,SHORT,Tendencia,92,9,100,0,92,0,100,0,90,1,100,0,54,7,23948,25,24016,00,23975,72,24050,64,24238,20,187,56,34,25,-135,50,115,00,360,00,HardStop,7,3
2026-04-07,11:12,ENTRY,SHORT,Tendencia,85,8,100,0,97,4,100,0,85,1,25,0,52,7,24008,75,0,00,24020,00,24046,29,24236,48,190,20,35,77,0,00,115,00,360,00,,8,3
2026-04-07,11:15,EXIT,SHORT,Tendencia,85,8,100,0,97,4,100,0,85,1,25,0,52,7,24008,75,24077,00,24020,00,24039,49,24234,65,195,16,34,55,-136,50,-21,50,223,50,HardStop,8,3
2026-04-08,10:06,ENTRY,SHORT,Tendencia,82,8,84,7,83,3,100,0,100,0,25,0,74,2,25094,50,0,00,25095,25,25124,03,25191,82,67,79,31,31,0,00,0,00,223,50,,1,0
2026-04-08,10:08,EXIT,SHORT,Tendencia,82,8,84,7,83,3,100,0,100,0,25,0,74,2,25094,50,25081,75,25095,25,25116,79,25191,31,74,52,32,01,25,50,25,50,249,00,BreatheWhipsaw,1,1
2026-04-08,10:46,ENTRY,SHORT,Ruptura,87,0,100,0,93,4,100,0,86,0,100,0,53,6,25029,25,0,00,25045,75,25062,43,25183,07,120,64,28,25,0,00,25,50,249,00,,2,1
2026-04-08,10:56,EXIT,SHORT,Ruptura,87,0,100,0,93,4,100,0,86,0,100,0,53,6,25029,25,24968,25,25012,00,25042,65,25179,30,136,65,29,56,122,00,147,50,371,00,TrailStop,2,1
2026-04-08,11:00,ENTRY,SHORT,Tendencia,86,6,100,0,100,0,100,0,87,8,25,0,53,6,24997,75,0,00,24997,25,25033,63,25177,44,143,82,30,51,0,00,147,50,371,00,,3,1
2026-04-08,11:02,EXIT,SHORT,Tendencia,86,6,100,0,100,0,100,0,87,8,25,0,53,6,24997,75,25021,75,24997,25,25030,90,25176,67,145,77,30,49,-48,00,99,50,323,00,BreatheWhipsaw,3,2
2026-04-08,14:58,ENTRY,SHORT,Ruptura,89,8,82,5,100,0,100,0,100,0,100,0,57,8,24969,25,0,00,24984,07,25034,53,25100,52,65,99,19,42,0,00,99,50,323,00,,4,2
2026-04-08,15:10,EXIT,SHORT,Ruptura,89,8,82,5,100,0,100,0,100,0,100,0,57,8,24969,25,24980,25,24984,07,25006,81,25094,05,87,24,19,36,-22,00,77,50,301,00,TrailStop,4,2
2026-04-08,15:12,ENTRY,LONG,Tendencia,80,8,100,0,100,0,40,0,100,0,100,0,57,7,25007,25,0,00,24992,08,25003,85,25093,11,89,26,20,23,0,00,77,50,301,00,,5,2
2026-04-08,15:18,EXIT,LONG,Tendencia,80,8,100,0,100,0,40,0,100,0,100,0,57,7,25007,25,24986,75,24992,08,24995,08,25090,15,95,07,19,43,-41,00,36,50,260,00,TrailStop,5,2
2026-04-08,15:20,ENTRY,SHORT,Tendencia,85,5,100,0,50,6,100,0,100,0,100,0,54,2,24979,00,0,00,24987,75,24991,89,25089,08,97,19,19,27,0,00,36,50,260,00,,6,2
2026-04-08,15:32,EXIT,SHORT,Tendencia,85,5,100,0,50,6,100,0,100,0,100,0,54,2,24979,00,24984,50,24963,25,24978,29,25082,18,103,89,19,21,-11,00,25,50,249,00,TrailStop,6,2
2026-04-08,15:44,ENTRY,LONG,Tendencia,75,3,100,0,100,0,40,0,100,0,50,0,53,2,25006,75,0,00,24987,28,24985,90,25075,55,89,65,19,97,0,00,25,50,249,00,,7,2
2026-04-08,15:50,EXIT,LONG,Tendencia,75,3,100,0,100,0,40,0,100,0,50,0,53,2,25006,75,25033,50,24987,28,24995,01,25072,62,77,61,19,21,53,50,79,00,302,50,OutOfSession,7,2
2026-04-09,09:38,ENTRY,LONG,Ruptura,75,8,56,0,53,0,100,0,98,4,50,0,86,2,25046,25,0,00,25028,08,25045,60,25008,39,37,21,21,92,0,00,0,00,302,50,,1,0
2026-04-09,09:52,EXIT,LONG,Ruptura,75,8,56,0,53,0,100,0,98,4,50,0,86,2,25046,25,25041,25,25028,08,25059,45,25010,07,49,38,26,82,-10,00,-10,00,292,50,TrailStop,1,0
2026-04-09,10:16,ENTRY,SHORT,Ruptura,78,3,51,9,100,0,70,0,100,0,50,0,70,6,25000,25,0,00,25019,50,25043,31,25011,08,32,24,26,47,0,00,-10,00,292,50,,2,0
2026-04-09,10:32,EXIT,SHORT,Ruptura,78,3,51,9,100,0,70,0,100,0,50,0,70,6,25000,25,24971,75,24987,00,25008,68,25011,21,2,53,24,63,57,00,47,00,349,50,TrailStop,2,0
2026-04-09,11:28,ENTRY,LONG,Ruptura,76,5,51,3,100,0,100,0,100,0,25,0,44,1,25058,00,0,00,25056,00,25050,88,25019,37,31,50,21,65,0,00,47,00,349,50,,3,0
2026-04-09,11:30,EXIT,LONG,Ruptura,76,5,51,3,100,0,100,0,100,0,25,0,44,1,25058,00,25054,25,25056,00,25053,25,25019,73,33,52,20,94,-7,50,39,50,342,00,BreatheWhipsaw,3,1
2026-04-09,11:34,ENTRY,LONG,Ruptura,85,6,58,1,95,1,100,0,100,0,100,0,55,1,25132,00,0,00,25116,32,25060,65,25020,96,39,69,25,91,0,00,39,50,342,00,,4,1
2026-04-09,11:36,EXIT,LONG,Ruptura,85,6,58,1,95,1,100,0,100,0,100,0,55,1,25132,00,25123,75,25116,32,25064,55,25021,69,42,86,25,79,-16,50,23,00,325,50,BreatheWhipsaw,4,2
2026-04-09,11:56,ENTRY,LONG,Ruptura,88,6,100,0,94,3,100,0,93,3,100,0,55,2,25194,25,0,00,25174,40,25117,64,25029,96,87,68,25,80,0,00,23,00,325,50,,5,2
2026-04-09,12:14,EXIT,LONG,Ruptura,88,6,100,0,94,3,100,0,93,3,100,0,55,2,25194,25,25219,00,25217,00,25178,75,25039,52,139,23,25,59,49,50,72,50,375,00,TrailStop,5,2
2026-04-09,12:18,ENTRY,LONG,Tendencia,87,1,100,0,84,1,100,0,100,0,50,0,52,9,25233,50,0,00,25214,50,25188,46,25041,78,146,68,24,98,0,00,72,50,375,00,,6,2
2026-04-09,12:26,EXIT,LONG,Tendencia,87,1,100,0,84,1,100,0,100,0,50,0,52,9,25233,50,25216,00,25214,50,25207,66,25046,17,161,49,22,93,-35,00,37,50,340,00,TrailStop,6,2
2026-04-09,12:42,ENTRY,SHORT,Tendencia,76,4,100,0,98,7,40,0,100,0,75,0,41,2,25169,75,0,00,25187,00,25216,91,25053,72,163,19,20,39,0,00,37,50,340,00,,7,2
2026-04-09,12:44,EXIT,SHORT,Tendencia,76,4,100,0,98,7,40,0,100,0,75,0,41,2,25169,75,25182,75,25187,00,25213,33,25054,57,158,75,20,20,-26,00,11,50,314,00,BreatheWhipsaw,7,3
2026-04-10,09:38,ENTRY,LONG,Ruptura,87,0,70,6,100,0,100,0,100,0,50,0,74,6,25347,00,0,00,25333,09,25316,61,25261,85,54,76,21,22,0,00,0,00,314,00,,1,0
2026-04-10,09:40,EXIT,LONG,Ruptura,87,0,70,6,100,0,100,0,100,0,50,0,74,6,25347,00,25307,00,25333,09,25316,85,25262,25,54,60,23,70,-80,00,-80,00,234,00,BreatheWhipsaw,1,1
2026-04-10,11:16,ENTRY,LONG,Ruptura,85,1,73,3,100,0,100,0,100,0,100,0,38,8,25378,25,0,00,25364,57,25343,88,25285,88,58,00,19,91,0,00,-80,00,234,00,,2,1
2026-04-10,11:22,EXIT,LONG,Ruptura,85,1,73,3,100,0,100,0,100,0,100,0,38,8,25378,25,25374,50,25364,57,25347,95,25288,09,59,86,18,73,-7,50,-87,50,226,50,TrailStop,2,1
2026-04-10,11:24,ENTRY,LONG,Tendencia,79,3,77,8,82,3,100,0,72,4,75,0,36,6,25386,75,0,00,25369,50,25351,09,25288,87,62,22,18,81,0,00,-87,50,226,50,,3,1
2026-04-10,11:28,EXIT,LONG,Tendencia,79,3,77,8,82,3,100,0,72,4,75,0,36,6,25386,75,25363,00,25369,50,25354,38,25290,30,64,08,18,78,-47,50,-135,00,179,00,BreatheWhipsaw,3,2
2026-04-13,09:44,ENTRY,LONG,Tendencia,75,5,79,7,45,2,100,0,95,4,50,0,70,4,25202,75,0,00,25189,25,25191,94,25128,20,63,74,17,14,0,00,0,00,179,00,,1,0
2026-04-13,09:46,EXIT,LONG,Tendencia,75,5,79,7,45,2,100,0,95,4,50,0,70,4,25202,75,25168,75,25189,25,25191,81,25128,44,63,38,18,48,-68,00,-68,00,111,00,BreatheWhipsaw,1,1
2026-04-13,09:50,ENTRY,LONG,Ruptura,93,4,84,4,100,0,100,0,100,0,50,0,100,0,25270,00,0,00,25252,48,25197,00,25129,50,67,50,26,03,0,00,-68,00,111,00,,2,1
2026-04-13,09:52,EXIT,LONG,Ruptura,93,4,84,4,100,0,100,0,100,0,50,0,100,0,25270,00,25251,25,25252,48,25200,94,25130,18,70,76,27,81,-37,50,-105,50,73,50,BreatheWhipsaw,2,2
2026-04-13,10:00,ENTRY,LONG,Ruptura,99,4,100,0,99,3,100,0,97,1,100,0,100,0,25310,50,0,00,25285,76,25219,58,25133,36,86,22,28,99,0,00,-105,50,73,50,,3,2
2026-04-13,10:10,EXIT,LONG,Ruptura,99,4,100,0,99,3,100,0,97,1,100,0,100,0,25310,50,25305,25,25310,75,25246,74,25138,52,108,22,27,04,-10,50,-116,00,63,00,TrailStop,3,2
2026-04-13,10:12,ENTRY,LONG,Tendencia,87,9,100,0,96,0,100,0,80,4,25,0,81,7,25296,50,0,00,25292,50,25250,46,25139,44,111,03,26,34,0,00,-116,00,63,00,,4,2
2026-04-13,10:14,EXIT,LONG,Tendencia,87,9,100,0,96,0,100,0,80,4,25,0,81,7,25296,50,25279,00,25292,50,25253,46,25140,31,113,15,26,07,-35,00,-151,00,28,00,BreatheWhipsaw,4,3
2026-04-13,10:46,ENTRY,LONG,Ruptura,90,8,100,0,100,0,100,0,100,0,100,0,54,0,25314,50,0,00,25300,10,25290,86,25154,89,135,97,22,53,0,00,-151,00,28,00,,5,3
2026-04-13,10:50,EXIT,LONG,Ruptura,90,8,100,0,100,0,100,0,100,0,100,0,54,0,25314,50,25301,00,25300,10,25289,50,25156,74,132,76,21,25,-27,00,-178,00,1,00,BreatheWhipsaw,5,4
2026-04-13,10:54,ENTRY,LONG,Ruptura,86,2,100,0,96,4,100,0,100,0,75,0,48,2,25325,50,0,00,25311,42,25292,61,25158,79,133,82,21,11,0,00,-178,00,1,00,,6,4
2026-04-13,11:02,EXIT,LONG,Ruptura,86,2,100,0,96,4,100,0,100,0,75,0,48,2,25325,50,25327,25,25341,25,25306,13,25163,31,142,81,22,14,3,50,-174,50,4,50,TrailStop,6,4
2026-04-13,11:04,ENTRY,LONG,Tendencia,86,9,100,0,100,0,100,0,96,8,25,0,47,1,25314,50,0,00,25313,25,25308,00,25164,31,143,69,21,75,0,00,-174,50,4,50,,7,4
2026-04-13,11:06,EXIT,LONG,Tendencia,86,9,100,0,100,0,100,0,96,8,25,0,47,1,25314,50,25310,50,25313,25,25308,81,25165,27,143,54,21,18,-8,00,-182,50,-3,50,BreatheWhipsaw,7,5
2026-04-13,12:26,ENTRY,LONG,Ruptura,89,9,100,0,100,0,100,0,100,0,100,0,49,3,25364,00,0,00,25352,08,25317,18,25206,76,110,41,19,22,0,00,-182,50,-3,50,,8,5
2026-04-13,12:28,EXIT,LONG,Ruptura,89,9,100,0,100,0,100,0,100,0,100,0,49,3,25364,00,25362,50,25352,08,25319,20,25208,00,111,20,18,88,-3,00,-185,50,-6,50,BreatheWhipsaw,8,6
2026-04-14,09:40,ENTRY,LONG,Ruptura,82,8,52,2,100,0,100,0,97,3,25,0,77,6,25711,00,0,00,25703,50,25683,38,25650,78,32,59,18,63,0,00,0,00,-6,50,,1,0
2026-04-14,09:50,EXIT,LONG,Ruptura,82,8,52,2,100,0,100,0,97,3,25,0,77,6,25711,00,25747,00,25733,84,25701,91,25654,04,47,87,20,53,72,00,72,00,65,50,TrailStop,1,0
2026-04-14,09:56,ENTRY,LONG,Tendencia,76,0,72,5,83,0,100,0,60,6,25,0,77,3,25731,75,0,00,25722,75,25713,03,25655,97,57,05,20,95,0,00,72,00,65,50,,2,0
2026-04-14,10:00,EXIT,LONG,Tendencia,76,0,72,5,83,0,100,0,60,6,25,0,77,3,25731,75,25721,00,25722,75,25717,55,25657,10,60,45,20,18,-21,50,50,50,44,00,BreatheWhipsaw,2,1
2026-04-14,10:16,ENTRY,LONG,Ruptura,90,6,100,0,100,0,100,0,100,0,75,0,65,5,25778,25,0,00,25766,00,25742,73,25662,04,80,68,19,75,0,00,50,50,44,00,,3,1
2026-04-14,10:20,EXIT,LONG,Ruptura,90,6,100,0,100,0,100,0,100,0,75,0,65,5,25778,25,25767,50,25766,00,25747,31,25663,41,83,90,18,98,-21,50,29,00,22,50,BreatheWhipsaw,3,2
2026-04-14,10:22,ENTRY,LONG,Ruptura,87,7,100,0,100,0,100,0,100,0,50,0,63,5,25790,00,0,00,25774,60,25750,39,25664,21,86,18,19,53,0,00,29,00,22,50,,4,2
2026-04-14,10:36,EXIT,LONG,Ruptura,87,7,100,0,100,0,100,0,100,0,50,0,63,5,25790,00,25814,50,25793,75,25767,66,25670,41,97,25,17,89,49,00,78,00,71,50,TrailStop,4,2
2026-04-14,10:40,ENTRY,LONG,Tendencia,87,6,100,0,100,0,100,0,95,1,25,0,55,6,25789,75,0,00,25785,50,25775,30,25672,23,103,07,18,13,0,00,78,00,71,50,,5,2
2026-04-14,10:42,EXIT,LONG,Tendencia,87,6,100,0,100,0,100,0,95,1,25,0,55,6,25789,75,25795,50,25785,50,25778,66,25673,12,105,54,18,00,11,50,89,50,83,00,BreatheWhipsaw,5,3
2026-04-14,11:52,ENTRY,LONG,Ruptura,87,3,100,0,95,4,100,0,100,0,100,0,42,3,25895,50,0,00,25884,80,25841,59,25703,75,137,84,14,26,0,00,89,50,83,00,,6,3
2026-04-14,11:58,EXIT,LONG,Ruptura,87,3,100,0,95,4,100,0,100,0,100,0,42,3,25895,50,25883,25,25884,80,25856,14,25707,07,149,07,13,63,-24,50,65,00,58,50,TrailStop,6,3
2026-04-14,12:00,ENTRY,LONG,Tendencia,85,1,100,0,95,9,100,0,93,4,25,0,40,5,25876,00,0,00,25874,50,25859,43,25708,14,151,29,13,42,0,00,65,00,58,50,,7,3
2026-04-14,12:02,EXIT,LONG,Tendencia,85,1,100,0,95,9,100,0,93,4,25,0,40,5,25876,00,25881,25,25874,50,25862,34,25709,22,153,12,13,20,10,50,75,50,69,00,BreatheWhipsaw,7,4
2026-04-14,13:18,ENTRY,LONG,Ruptura,88,3,100,0,100,0,100,0,100,0,100,0,41,3,25938,00,0,00,25929,88,25922,31,25760,43,161,88,10,50,0,00,75,50,69,00,,8,4
2026-04-14,13:26,EXIT,LONG,Ruptura,88,3,100,0,100,0,100,0,100,0,100,0,41,3,25938,00,25950,25,25953,00,25928,41,25766,94,161,47,10,60,24,50,100,00,93,50,TrailStop,8,4
2026-04-15,09:58,ENTRY,LONG,Ruptura,84,1,52,7,92,3,100,0,90,9,50,0,85,5,26060,25,0,00,26044,65,26028,71,25995,53,33,18,23,47,0,00,0,00,93,50,,1,0
2026-04-15,10:08,EXIT,LONG,Ruptura,84,1,52,7,92,3,100,0,90,9,50,0,85,5,26060,25,26066,50,26065,00,26044,41,25997,70,46,72,22,78,12,50,12,50,106,00,TrailStop,1,0
2026-04-15,10:14,ENTRY,LONG,Tendencia,81,3,69,8,69,3,100,0,77,0,100,0,72,7,26080,75,0,00,26068,00,26052,69,25998,93,53,76,22,28,0,00,12,50,106,00,,2,0
2026-04-15,10:30,EXIT,LONG,Tendencia,81,3,69,8,69,3,100,0,77,0,100,0,72,7,26080,75,26133,25,26121,50,26082,13,26003,19,78,93,21,57,105,00,117,50,211,00,TrailStop,2,0
2026-04-15,10:32,ENTRY,LONG,Tendencia,81,6,100,0,66,4,100,0,45,2,75,0,62,8,26144,25,0,00,26129,30,26086,89,26003,91,82,98,21,60,0,00,117,50,211,00,,3,0
2026-04-15,10:40,EXIT,LONG,Tendencia,81,6,100,0,66,4,100,0,45,2,75,0,62,8,26144,25,26113,00,26129,30,26102,39,26006,62,95,77,21,85,-62,50,55,00,148,50,TrailStop,3,0
2026-04-15,10:42,ENTRY,LONG,Tendencia,91,1,100,0,100,0,100,0,100,0,50,0,61,4,26140,25,0,00,26122,43,26105,96,26007,28,98,69,22,43,0,00,55,00,148,50,,4,0
2026-04-15,10:54,EXIT,LONG,Tendencia,91,1,100,0,100,0,100,0,100,0,50,0,61,4,26140,25,26153,75,26153,75,26129,29,26011,53,117,76,20,11,27,00,82,00,175,50,TrailStop,4,0
2026-04-15,10:56,ENTRY,LONG,Tendencia,89,9,100,0,100,0,100,0,100,0,50,0,49,4,26163,75,0,00,26153,50,26132,59,26012,30,120,29,19,57,0,00,82,00,175,50,,5,0
2026-04-15,11:06,EXIT,LONG,Tendencia,89,9,100,0,100,0,100,0,100,0,50,0,49,4,26163,75,26167,50,26169,25,26150,26,26016,33,133,94,17,54,7,50,89,50,183,00,TrailStop,5,0
2026-04-15,11:08,ENTRY,SHORT,Tendencia,76,7,100,0,100,0,40,0,100,0,75,0,42,4,26138,75,0,00,26160,11,26151,26,26016,94,134,33,18,36,0,00,89,50,183,00,,6,0
2026-04-15,11:12,EXIT,SHORT,Tendencia,76,7,100,0,100,0,40,0,100,0,75,0,42,4,26138,75,26174,50,26160,11,26153,15,26018,30,134,85,18,25,-71,50,18,00,111,50,BreatheWhipsaw,6,1
2026-04-15,12:22,ENTRY,LONG,Ruptura,85,5,100,0,93,8,100,0,100,0,100,0,35,3,26246,00,0,00,26238,00,26212,08,26051,73,160,35,12,88,0,00,18,00,111,50,,7,1
2026-04-15,12:26,EXIT,LONG,Ruptura,85,5,100,0,93,8,100,0,100,0,100,0,35,3,26246,00,26230,50,26238,00,26215,06,26054,26,160,80,13,27,-31,00,-13,00,80,50,BreatheWhipsaw,7,2
2026-04-15,13:08,ENTRY,LONG,Ruptura,88,8,100,0,84,7,100,0,100,0,100,0,63,4,26176,25,0,00,26165,75,26164,39,26074,23,90,16,20,09,0,00,-13,00,80,50,,8,2
2026-04-15,13:12,EXIT,LONG,Ruptura,88,8,100,0,84,7,100,0,100,0,100,0,63,4,26176,25,26177,75,26165,75,26160,91,26076,48,84,43,19,22,3,00,-10,00,83,50,BreatheWhipsaw,8,3
2026-04-16,09:52,ENTRY,SHORT,Ruptura,95,4,54,0,100,0,100,0,100,0,100,0,100,0,26330,25,0,00,26353,57,26393,15,26427,94,34,79,27,43,0,00,0,00,83,50,,1,0
2026-04-16,10:08,EXIT,SHORT,Ruptura,95,4,54,0,100,0,100,0,100,0,100,0,100,0,26330,25,26355,00,26353,57,26354,31,26421,84,67,53,28,88,-49,50,-49,50,34,00,TrailStop,1,0
2026-04-16,10:18,ENTRY,SHORT,Tendencia,93,7,93,0,100,0,100,0,98,3,75,0,80,9,26329,00,0,00,26350,59,26344,24,26418,67,74,43,29,12,0,00,-49,50,34,00,,2,0
2026-04-16,10:28,EXIT,SHORT,Tendencia,93,7,93,0,100,0,100,0,98,3,75,0,80,9,26329,00,26348,25,26341,50,26334,51,26415,03,80,52,30,66,-38,50,-88,00,-4,50,TrailStop,2,0
2026-04-16,11:28,ENTRY,LONG,Tendencia,79,2,55,2,100,0,100,0,93,8,75,0,35,3,26501,25,0,00,26489,25,26449,48,26413,24,36,23,20,82,0,00,-88,00,-4,50,,3,0
2026-04-16,11:30,EXIT,LONG,Tendencia,79,2,55,2,100,0,100,0,93,8,75,0,35,3,26501,25,26457,75,26489,25,26451,51,26413,37,38,15,22,70,-87,00,-175,00,-91,50,BreatheWhipsaw,3,1
2026-04-17,09:48,ENTRY,SHORT,Ruptura,76,4,100,0,86,9,40,0,95,3,50,0,87,0,26660,25,0,00,26695,35,26725,30,26556,73,168,57,35,85,0,00,0,00,-91,50,,1,0
2026-04-17,09:50,EXIT,SHORT,Ruptura,76,4,100,0,86,9,40,0,95,3,50,0,87,0,26660,25,26703,00,26695,35,26721,29,26557,83,163,46,38,29,-85,50,-85,50,-177,00,BreatheWhipsaw,1,1
2026-04-17,09:52,ENTRY,LONG,Ruptura,89,7,100,0,86,1,100,0,85,2,75,0,89,5,26724,50,0,00,26703,71,26718,13,26559,08,159,05,39,06,0,00,-85,50,-177,00,,2,1
2026-04-17,09:56,EXIT,LONG,Ruptura,89,7,100,0,86,1,100,0,85,2,75,0,89,5,26724,50,26704,50,26703,71,26710,26,26561,36,148,91,38,87,-40,00,-125,50,-217,00,BreatheWhipsaw,2,2
2026-04-17,10:02,ENTRY,LONG,Ruptura,88,5,100,0,84,1,100,0,81,8,100,0,76,0,26746,75,0,00,26725,75,26704,71,26565,25,139,47,37,84,0,00,-125,50,-217,00,,3,2
2026-04-17,10:14,EXIT,LONG,Ruptura,88,5,100,0,84,1,100,0,81,8,100,0,76,0,26746,75,26758,50,26756,75,26721,98,26573,78,148,19,32,53,23,50,-102,00,-193,50,TrailStop,3,2
2026-04-17,10:16,ENTRY,LONG,Tendencia,78,1,100,0,43,8,100,0,87,8,50,0,55,7,26766,75,0,00,26758,00,26725,99,26575,21,150,77,31,14,0,00,-102,00,-193,50,,4,2
2026-04-17,10:18,EXIT,LONG,Tendencia,78,1,100,0,43,8,100,0,87,8,50,0,55,7,26766,75,26748,50,26758,00,26727,85,26576,58,151,27,30,82,-36,50,-138,50,-230,00,BreatheWhipsaw,4,3
2026-04-17,10:34,ENTRY,LONG,Ruptura,87,8,100,0,99,1,100,0,89,5,100,0,48,1,26793,75,0,00,26773,38,26747,58,26587,53,160,05,29,49,0,00,-138,50,-230,00,,5,3
2026-04-17,10:36,EXIT,LONG,Ruptura,87,8,100,0,99,1,100,0,89,5,100,0,48,1,26793,75,26777,50,26773,38,26751,39,26589,00,162,39,29,35,-32,50,-171,00,-262,50,BreatheWhipsaw,5,4
2026-04-17,10:40,ENTRY,LONG,Ruptura,86,2,100,0,100,0,100,0,100,0,75,0,43,5,26806,25,0,00,26786,75,26759,01,26592,08,166,93,27,76,0,00,-171,00,-262,50,,6,4
2026-04-17,10:52,EXIT,LONG,Ruptura,86,2,100,0,100,0,100,0,100,0,75,0,43,5,26806,25,26842,75,26829,50,26783,49,26602,45,181,04,25,29,73,00,-98,00,-189,50,TrailStop,6,4
2026-04-17,10:56,ENTRY,LONG,Tendencia,86,4,100,0,100,0,100,0,100,0,25,0,38,8,26805,00,0,00,26802,00,26789,59,26605,87,183,72,25,75,0,00,-98,00,-189,50,,7,4
2026-04-17,11:12,EXIT,LONG,Tendencia,86,4,100,0,100,0,100,0,100,0,25,0,38,8,26805,00,26827,50,26835,00,26825,75,26619,62,206,13,26,26,45,00,-53,00,-144,50,TrailStop,7,4
2026-04-17,11:16,ENTRY,LONG,Tendencia,80,6,100,0,71,0,100,0,75,0,50,0,39,5,26836,00,0,00,26815,31,26829,80,26622,91,206,89,25,92,0,00,-53,00,-144,50,,8,4
2026-04-17,11:20,EXIT,LONG,Tendencia,80,6,100,0,71,0,100,0,75,0,50,0,39,5,26836,00,26822,50,26815,31,26833,45,26626,31,207,14,26,14,-27,00,-80,00,-171,50,BreatheWhipsaw,8,5
2026-04-20,09:40,ENTRY,SHORT,Ruptura,81,1,86,8,87,5,40,0,100,0,75,0,100,0,26742,50,0,00,26767,41,26773,43,26704,00,69,42,25,55,0,00,0,00,-171,50,,1,0
2026-04-20,09:50,EXIT,SHORT,Ruptura,81,1,86,8,87,5,40,0,100,0,75,0,100,0,26742,50,26727,50,26767,41,26770,50,26705,27,65,23,27,11,30,00,30,00,-141,50,TrailStop,1,0
2026-04-20,09:56,ENTRY,LONG,Ruptura,96,1,78,0,100,0,100,0,100,0,100,0,91,5,26788,75,0,00,26769,05,26768,71,26706,30,62,41,27,93,0,00,30,00,-141,50,,2,0
2026-04-20,10:00,EXIT,LONG,Ruptura,96,1,78,0,100,0,100,0,100,0,100,0,91,5,26788,75,26782,75,26769,05,26771,06,26707,20,63,87,27,91,-12,00,18,00,-153,50,BreatheWhipsaw,2,1
2026-04-21,09:44,ENTRY,SHORT,Ruptura,78,7,63,0,81,0,100,0,87,3,25,0,82,6,26769,00,0,00,26775,75,26790,53,26836,10,45,57,22,40,0,00,0,00,-153,50,,1,0
2026-04-21,09:46,EXIT,SHORT,Ruptura,78,7,63,0,81,0,100,0,87,3,25,0,82,6,26769,00,26754,75,26775,75,26787,65,26835,74,48,09,23,37,28,50,28,50,-125,00,BreatheWhipsaw,1,1
2026-04-21,13:20,ENTRY,SHORT,Ruptura,88,2,100,0,100,0,100,0,100,0,75,0,53,3,26608,75,0,00,26629,02,26674,50,26795,79,121,29,25,69,0,00,28,50,-125,00,,2,1
2026-04-21,13:24,EXIT,SHORT,Ruptura,88,2,100,0,100,0,100,0,100,0,75,0,53,3,26608,75,26621,25,26629,02,26667,94,26793,46,125,52,25,63,-25,00,3,50,-150,00,BreatheWhipsaw,2,2
2026-04-22,10:22,ENTRY,LONG,Ruptura,83,5,61,0,93,0,100,0,89,5,75,0,66,0,26970,75,0,00,26950,05,26884,56,26841,34,43,23,26,60,0,00,0,00,-150,00,,1,0
2026-04-22,10:34,EXIT,LONG,Ruptura,83,5,61,0,93,0,100,0,89,5,75,0,66,0,26970,75,26967,50,26975,00,26923,35,26845,02,78,33,25,99,-6,50,-6,50,-156,50,TrailStop,1,0
2026-04-22,10:36,ENTRY,LONG,Tendencia,83,2,100,0,75,4,100,0,95,5,25,0,60,4,26950,75,0,00,26944,50,26927,98,26845,51,82,47,26,38,0,00,-6,50,-156,50,,2,0
2026-04-22,10:44,EXIT,LONG,Tendencia,83,2,100,0,75,4,100,0,95,5,25,0,60,4,26950,75,26963,50,26983,50,26949,74,26848,28,101,45,27,34,25,50,19,00,-131,00,TrailStop,2,0
2026-04-22,10:46,ENTRY,LONG,Tendencia,90,0,100,0,96,3,100,0,100,0,50,0,57,3,26978,75,0,00,26962,00,26955,59,26849,00,106,59,26,71,0,00,19,00,-131,00,,3,0
2026-04-22,10:54,EXIT,LONG,Tendencia,90,0,100,0,96,3,100,0,100,0,50,0,57,3,26978,75,26961,25,26967,50,26970,10,26851,73,118,38,24,57,-35,00,-16,00,-166,00,TrailStop,3,0
2026-04-22,11:08,ENTRY,LONG,Tendencia,89,0,100,0,96,6,100,0,100,0,50,0,46,8,26972,25,0,00,26954,38,26970,61,26856,57,114,05,23,83,0,00,-16,00,-166,00,,4,0
2026-04-22,11:26,EXIT,LONG,Tendencia,89,0,100,0,96,6,100,0,100,0,50,0,46,8,26972,25,26987,50,26988,75,26972,15,26864,80,107,35,20,01,30,50,14,50,-135,50,TrailStop,4,0
2026-04-22,11:30,ENTRY,LONG,Tendencia,75,5,100,0,33,6,100,0,100,0,50,0,38,3,26990,25,0,00,26980,75,26972,78,26866,65,106,12,20,35,0,00,14,50,-135,50,,5,0
2026-04-22,11:38,EXIT,LONG,Tendencia,75,5,100,0,33,6,100,0,100,0,50,0,38,3,26990,25,26998,50,26980,75,26978,34,26870,21,108,13,19,44,16,50,31,00,-119,00,TrailStop,5,0
2026-04-22,11:48,ENTRY,LONG,Tendencia,87,2,100,0,92,1,100,0,100,0,50,0,37,6,26990,25,0,00,26974,37,26985,58,26874,09,111,49,19,18,0,00,31,00,-119,00,,6,0
2026-04-22,12:00,EXIT,LONG,Tendencia,87,2,100,0,92,1,100,0,100,0,50,0,37,6,26990,25,26988,25,26990,00,26990,41,26878,46,111,96,17,46,-4,00,27,00,-123,00,TrailStop,6,0
2026-04-22,12:06,ENTRY,LONG,Tendencia,91,3,100,0,100,0,100,0,100,0,75,0,38,1,27003,00,0,00,26987,20,26989,44,26880,43,109,00,18,07,0,00,27,00,-123,00,,7,0
2026-04-22,12:12,EXIT,LONG,Tendencia,91,3,100,0,100,0,100,0,100,0,75,0,38,1,27003,00,26987,50,26987,20,26990,06,26882,49,107,58,17,17,-31,00,-4,00,-154,00,TrailStop,7,0
2026-04-22,12:16,ENTRY,LONG,Tendencia,87,9,100,0,88,9,100,0,90,7,75,0,35,6,27001,50,0,00,26991,25,26990,84,26883,93,106,91,16,60,0,00,-4,00,-154,00,,8,0
2026-04-22,12:18,EXIT,LONG,Tendencia,87,9,100,0,88,9,100,0,90,7,75,0,35,6,27001,50,27001,25,26991,25,26990,93,26884,66,106,26,16,29,-0,50,-4,50,-154,50,BreatheWhipsaw,8,1
2026-04-23,09:40,ENTRY,LONG,Ruptura,77,0,55,6,84,2,100,0,81,8,50,0,65,6,27046,50,0,00,27024,72,27016,18,26979,46,36,72,21,78,0,00,0,00,-154,50,,1,0
2026-04-23,09:52,EXIT,LONG,Ruptura,77,0,55,6,84,2,100,0,81,8,50,0,65,6,27046,50,27069,50,27070,25,27030,59,26981,82,48,77,26,16,46,00,46,00,-108,50,TrailStop,1,0
2026-04-23,09:56,ENTRY,LONG,Ruptura,84,1,68,8,100,0,100,0,100,0,25,0,73,4,27049,50,0,00,27042,50,27035,01,26982,51,52,51,26,16,0,00,46,00,-108,50,,2,0
2026-04-23,09:58,EXIT,LONG,Ruptura,84,1,68,8,100,0,100,0,100,0,25,0,73,4,27049,50,27038,25,27042,50,27036,29,26982,76,53,53,25,67,-22,50,23,50,-131,00,BreatheWhipsaw,2,1
2026-04-23,11:12,ENTRY,LONG,Ruptura,85,4,98,2,100,0,100,0,100,0,75,0,40,4,27128,75,0,00,27115,00,27072,75,26994,22,78,53,21,98,0,00,23,50,-131,00,,3,1
2026-04-23,11:16,EXIT,LONG,Ruptura,85,4,98,2,100,0,100,0,100,0,75,0,40,4,27128,75,27111,25,27115,00,27080,53,26995,79,84,74,21,49,-35,00,-11,50,-166,00,BreatheWhipsaw,3,2
2026-04-23,13:42,ENTRY,SHORT,Ruptura,97,1,100,0,100,0,100,0,100,0,100,0,85,7,26786,00,0,00,26818,29,26911,33,27034,82,123,49,41,39,0,00,-11,50,-166,00,,4,2
2026-04-23,13:50,EXIT,SHORT,Ruptura,97,1,100,0,100,0,100,0,100,0,100,0,85,7,26786,00,26747,75,26761,25,26861,63,27030,12,168,50,45,33,76,50,65,00,-89,50,TrailStop,4,2
2026-04-23,13:52,ENTRY,SHORT,Tendencia,76,6,100,0,10,0,100,0,85,6,75,0,85,6,26742,00,0,00,26755,75,26851,09,27028,86,177,77,45,45,0,00,65,00,-89,50,,5,2
2026-04-23,13:53,EXIT,SHORT,Tendencia,76,6,100,0,10,0,100,0,85,6,75,0,85,6,26742,00,26806,00,26755,75,26851,09,27028,86,177,77,45,45,-128,00,-63,00,-217,50,HardStop,5,2
2026-04-23,13:54,ENTRY,SHORT,Tendencia,79,2,100,0,55,3,100,0,57,4,25,0,99,4,26815,75,0,00,26875,36,26845,53,27028,03,182,50,54,11,0,00,-63,00,-217,50,,6,2
2026-04-23,13:56,EXIT,SHORT,Tendencia,79,2,100,0,55,3,100,0,57,4,25,0,99,4,26815,75,26876,75,26875,36,26843,40,27027,48,184,08,55,84,-122,00,-185,00,-339,50,BreatheWhipsaw,6,3
2026-04-24,09:40,ENTRY,LONG,Tendencia,83,5,75,7,81,8,100,0,89,4,75,0,67,9,27252,00,0,00,27227,85,27236,38,27175,80,60,57,25,20,0,00,0,00,-339,50,,1,0
2026-04-24,09:44,EXIT,LONG,Tendencia,83,5,75,7,81,8,100,0,89,4,75,0,67,9,27252,00,27212,50,27227,85,27235,64,27177,17,58,47,26,72,-79,00,-79,00,-418,50,BreatheWhipsaw,1,1
2026-04-24,10:58,ENTRY,LONG,Ruptura,85,2,52,0,100,0,100,0,100,0,100,0,50,0,27295,75,0,00,27273,69,27232,84,27200,41,32,43,30,07,0,00,-79,00,-418,50,,2,1
2026-04-24,11:12,EXIT,LONG,Ruptura,85,2,52,0,100,0,100,0,100,0,100,0,50,0,27295,75,27301,00,27293,25,27261,45,27206,54,54,91,24,37,10,50,-68,50,-408,00,TrailStop,2,1
2026-04-24,11:14,ENTRY,LONG,Tendencia,81,0,75,6,69,8,100,0,98,1,100,0,33,2,27310,00,0,00,27300,50,27268,09,27207,61,60,48,23,59,0,00,-68,50,-408,00,,3,1
2026-04-24,11:20,EXIT,LONG,Tendencia,81,0,75,6,69,8,100,0,98,1,100,0,33,2,27310,00,27302,25,27300,50,27283,30,27210,77,72,53,22,06,-15,50,-84,00,-423,50,TrailStop,3,1
2026-04-24,11:24,ENTRY,LONG,Tendencia,89,9,97,7,100,0,100,0,100,0,75,0,30,0,27327,50,0,00,27311,80,27291,24,27213,06,78,17,21,93,0,00,-84,00,-423,50,,4,1
2026-04-24,11:26,EXIT,LONG,Tendencia,89,9,97,7,100,0,100,0,100,0,75,0,30,0,27327,50,27310,00,27311,80,27294,15,27214,15,80,00,21,99,-35,00,-119,00,-458,50,BreatheWhipsaw,4,2
2026-04-24,15:10,ENTRY,LONG,Ruptura,85,4,100,0,100,0,100,0,100,0,75,0,39,4,27433,75,0,00,27422,76,27409,46,27328,82,80,65,12,32,0,00,-119,00,-458,50,,5,2
2026-04-24,15:22,EXIT,LONG,Ruptura,85,4,100,0,100,0,100,0,100,0,75,0,39,4,27433,75,27439,75,27444,00,27420,85,27334,35,86,50,12,03,12,00,-107,00,-446,50,TrailStop,5,2
2026-04-24,15:26,ENTRY,LONG,Tendencia,86,6,100,0,100,0,100,0,100,0,25,0,40,7,27426,00,0,00,27424,25,27423,93,27336,20,87,73,12,06,0,00,-107,00,-446,50,,6,2
2026-04-24,15:28,EXIT,LONG,Tendencia,86,6,100,0,100,0,100,0,100,0,25,0,40,7,27426,00,27425,00,27424,25,27424,73,27337,03,87,70,11,95,-2,00,-109,00,-448,50,BreatheWhipsaw,6,3
2026-04-27,09:44,ENTRY,SHORT,Ruptura,77,2,57,7,39,1,100,0,100,0,100,0,83,4,27379,25,0,00,27392,25,27402,25,27441,44,39,19,23,38,0,00,0,00,-448,50,,1,0
2026-04-27,09:46,EXIT,SHORT,Ruptura,77,2,57,7,39,1,100,0,100,0,100,0,83,4,27379,25,27360,25,27392,25,27400,81,27441,14,40,32,24,98,38,00,38,00,-410,50,BreatheWhipsaw,1,1
2026-04-27,09:52,ENTRY,SHORT,Ruptura,90,4,67,2,100,0,100,0,100,0,50,0,93,4,27306,25,0,00,27328,00,27389,21,27439,88,50,67,29,00,0,00,38,00,-410,50,,2,1
2026-04-27,09:54,EXIT,SHORT,Ruptura,90,4,67,2,100,0,100,0,100,0,50,0,93,4,27306,25,27341,75,27328,00,27385,33,27439,45,54,13,30,43,-71,00,-33,00,-481,50,BreatheWhipsaw,2,2
2026-04-27,10:32,ENTRY,SHORT,Ruptura,87,1,77,9,89,7,100,0,100,0,100,0,59,7,27332,00,0,00,27354,26,27372,71,27435,01,62,30,27,01,0,00,-33,00,-481,50,,3,2
2026-04-27,10:36,EXIT,SHORT,Ruptura,87,1,77,9,89,7,100,0,100,0,100,0,59,7,27332,00,27397,75,27354,26,27373,13,27434,40,61,27,28,86,-131,50,-164,50,-613,00,BreatheWhipsaw,3,3
2026-04-28,09:32,ENTRY,SHORT,Tendencia,91,0,100,0,100,0,100,0,100,0,50,0,60,2,27086,75,0,00,27103,77,27136,61,27242,22,105,60,24,69,0,00,0,00,-613,00,,1,0
2026-04-28,09:34,EXIT,SHORT,Tendencia,91,0,100,0,100,0,100,0,100,0,50,0,60,2,27086,75,27135,00,27103,77,27137,29,27241,22,103,93,27,78,-96,50,-96,50,-709,50,BreatheWhipsaw,1,1
2026-04-29,09:52,ENTRY,LONG,Ruptura,77,5,64,0,80,2,40,0,100,0,100,0,90,2,27207,25,0,00,27183,35,27194,70,27241,54,46,84,27,15,0,00,0,00,-709,50,,1,0
2026-04-29,10:10,EXIT,LONG,Ruptura,77,5,64,0,80,2,40,0,100,0,100,0,90,2,27207,25,27185,25,27183,35,27188,63,27239,28,50,65,26,19,-44,00,-44,00,-753,50,TrailStop,1,0
2026-04-29,12:54,ENTRY,SHORT,Ruptura,80,6,60,3,100,0,100,0,100,0,50,0,47,7,27200,25,0,00,27215,42,27201,55,27243,95,42,40,19,89,0,00,-44,00,-753,50,,2,0
2026-04-29,13:02,EXIT,SHORT,Ruptura,80,6,60,3,100,0,100,0,100,0,50,0,47,7,27200,25,27179,75,27199,75,27195,41,27242,69,47,28,19,92,41,00,-3,00,-712,50,TrailStop,2,0
2026-04-29,15:16,ENTRY,LONG,Ruptura,84,8,50,2,92,6,100,0,100,0,100,0,58,2,27328,50,0,00,27311,89,27263,01,27232,78,30,23,25,48,0,00,-3,00,-712,50,,3,0
2026-04-29,15:22,EXIT,LONG,Ruptura,84,8,50,2,92,6,100,0,100,0,100,0,58,2,27328,50,27308,50,27311,89,27276,95,27234,04,42,91,24,02,-40,00,-43,00,-752,50,TrailStop,3,0
2026-04-29,15:26,ENTRY,LONG,Tendencia,79,9,68,8,75,3,100,0,100,0,75,0,51,7,27314,50,0,00,27306,00,27287,30,27234,73,52,57,23,40,0,00,-43,00,-752,50,,4,0
2026-04-29,15:32,EXIT,LONG,Tendencia,79,9,68,8,75,3,100,0,100,0,75,0,51,7,27314,50,27289,75,27306,00,27297,56,27235,92,61,64,22,65,-49,50,-92,50,-802,00,BreatheWhipsaw,4,1
