2026-01-28,11:16,ENTRY,SHORT,Tendencia,88,2,100,0,94,4,100,0,100,0,50,0,42,9,26391,75,0,00,26406,89,26399,69,26485,12,85,43,18,85,0,00,0,00,0,00,,1,0
2026-01-28,11:28,EXIT,SHORT,Tendencia,88,2,100,0,94,4,100,0,100,0,50,0,42,9,26391,75,26377,75,26377,75,26389,55,26482,10,92,55,17,08,28,00,28,00,28,00,TrailStop,1,0
2026-01-28,11:34,ENTRY,SHORT,Tendencia,89,2,100,0,100,0,100,0,100,0,50,0,41,7,26363,50,0,00,26377,93,26388,39,26480,48,92,09,18,24,0,00,28,00,28,00,,2,0
2026-01-28,11:36,EXIT,SHORT,Tendencia,89,2,100,0,100,0,100,0,100,0,50,0,41,7,26363,50,26370,25,26377,93,26387,14,26479,85,92,71,18,20,-13,50,14,50,14,50,BreatheWhipsaw,2,1
2026-01-28,11:44,ENTRY,SHORT,Ruptura,85,3,100,0,100,0,100,0,100,0,75,0,38,9,26352,50,0,00,26365,72,26382,56,26477,14,94,58,16,96,0,00,14,50,14,50,,3,1
2026-01-28,12:00,EXIT,SHORT,Ruptura,85,3,100,0,100,0,100,0,100,0,75,0,38,9,26352,50,26336,75,26332,75,26358,05,26470,55,112,50,16,42,31,50,46,00,46,00,TrailStop,3,1
2026-01-28,12:06,ENTRY,SHORT,Tendencia,86,3,100,0,100,0,100,0,96,7,25,0,41,6,26351,25,0,00,26353,50,26352,44,26468,17,115,74,16,54,0,00,46,00,46,00,,4,1
2026-01-28,12:08,EXIT,SHORT,Tendencia,86,3,100,0,100,0,100,0,96,7,25,0,41,6,26351,25,26344,25,26353,50,26350,80,26467,38,116,58,16,52,14,00,60,00,60,00,BreatheWhipsaw,4,2
2026-01-29,09:46,ENTRY,SHORT,Tendencia,98,7,100,0,93,6,100,0,100,0,100,0,100,0,26175,25,0,00,26197,30,26330,33,26418,65,88,33,28,39,0,00,0,00,60,00,,1,0
2026-01-29,09:52,EXIT,SHORT,Tendencia,98,7,100,0,93,6,100,0,100,0,100,0,100,0,26175,25,26200,50,26197,30,26301,31,26414,54,113,23,32,84,-50,50,-50,50,9,50,TrailStop,1,0
2026-01-29,09:54,ENTRY,SHORT,Tendencia,93,1,100,0,90,5,100,0,100,0,50,0,100,0,26161,25,0,00,26187,24,26290,55,26412,98,122,43,34,32,0,00,-50,50,9,50,,2,0
2026-01-29,10:08,EXIT,SHORT,Tendencia,93,1,100,0,90,5,100,0,100,0,50,0,100,0,26161,25,26012,75,26036,58,26186,69,26398,57,211,88,44,04,297,00,246,50,306,50,TrailStop,2,0
2026-01-29,12:50,ENTRY,SHORT,Tendencia,93,7,100,0,100,0,100,0,100,0,100,0,36,5,26005,00,0,00,26024,57,26036,16,26189,51,153,34,26,10,0,00,246,50,306,50,,3,0
2026-01-29,12:52,EXIT,SHORT,Tendencia,93,7,100,0,100,0,100,0,100,0,100,0,36,5,26005,00,26029,75,26024,57,26039,36,26187,59,148,23,26,54,-49,50,197,00,257,00,BreatheWhipsaw,3,1
2026-01-29,12:56,ENTRY,SHORT,Ruptura,85,6,100,0,100,0,100,0,100,0,75,0,40,5,25975,00,0,00,25996,00,26039,14,26183,35,144,21,27,33,0,00,197,00,257,00,,4,1
2026-01-29,13:04,EXIT,SHORT,Ruptura,85,6,100,0,100,0,100,0,100,0,75,0,40,5,25975,00,25987,25,25985,50,26030,25,26174,87,144,62,26,48,-24,50,172,50,232,50,TrailStop,4,1
2026-01-29,13:06,ENTRY,SHORT,Tendencia,80,2,100,0,82,1,100,0,67,7,25,0,44,7,26020,00,0,00,26034,75,26028,53,26172,92,144,40,28,17,0,00,172,50,232,50,,5,1
2026-01-29,13:08,EXIT,SHORT,Tendencia,80,2,100,0,82,1,100,0,67,7,25,0,44,7,26020,00,26048,00,26034,75,26028,15,26171,11,142,96,28,57,-56,00,116,50,176,50,BreatheWhipsaw,5,2
2026-01-30,12:24,ENTRY,SHORT,Tendencia,86,0,100,0,97,3,100,0,100,0,25,0,40,6,25951,50,0,00,25954,75,25964,75,26047,14,82,39,29,47,0,00,0,00,176,50,,1,0
2026-01-30,12:26,EXIT,SHORT,Tendencia,86,0,100,0,97,3,100,0,100,0,25,0,40,6,25951,50,25972,50,25954,75,25960,48,26047,11,86,63,29,90,-42,00,-42,00,134,50,BreatheWhipsaw,1,1
2026-01-30,13:02,ENTRY,SHORT,Ruptura,85,1,100,0,100,0,100,0,100,0,50,0,50,3,25893,50,0,00,25918,13,25954,34,26043,07,88,73,32,17,0,00,-42,00,134,50,,2,1
2026-01-30,13:10,EXIT,SHORT,Ruptura,85,1,100,0,100,0,100,0,100,0,50,0,50,3,25893,50,25905,50,25918,13,25940,31,26040,66,100,34,30,24,-24,00,-66,00,110,50,TrailStop,2,1
2026-01-30,13:14,ENTRY,SHORT,Tendencia,93,8,100,0,100,0,100,0,92,9,100,0,45,4,25880,75,0,00,25903,25,25929,59,26039,24,109,65,29,43,0,00,-66,00,110,50,,3,1
2026-01-30,13:28,EXIT,SHORT,Tendencia,93,8,100,0,100,0,100,0,92,9,100,0,45,4,25880,75,25850,00,25830,01,25892,94,26032,01,139,07,32,55,61,50,-4,50,172,00,TrailStop,3,1
2026-01-30,13:30,ENTRY,SHORT,Tendencia,86,3,100,0,92,7,100,0,100,0,25,0,52,9,25876,50,0,00,25880,00,25889,24,26031,18,141,94,32,85,0,00,-4,50,172,00,,4,1
2026-01-30,13:32,EXIT,SHORT,Tendencia,86,3,100,0,92,7,100,0,100,0,25,0,52,9,25876,50,25885,50,25880,00,25885,91,26030,55,144,64,32,90,-18,00,-22,50,154,00,BreatheWhipsaw,4,2
2026-01-30,15:08,ENTRY,SHORT,Ruptura,85,8,100,0,100,0,100,0,94,3,75,0,45,7,25859,25,0,00,25879,25,25909,74,25990,25,80,52,28,50,0,00,-22,50,154,00,,5,2
2026-01-30,15:22,EXIT,SHORT,Ruptura,85,8,100,0,100,0,100,0,94,3,75,0,45,7,25859,25,25810,00,25828,50,25873,73,25983,23,109,51,26,30,98,50,76,00,252,50,TrailStop,5,2
2026-01-30,15:24,ENTRY,SHORT,Tendencia,88,4,100,0,91,3,100,0,84,8,75,0,42,1,25793,25,0,00,25813,01,25867,16,25982,11,114,95,26,01,0,00,76,00,252,50,,6,2
2026-01-30,15:28,EXIT,SHORT,Tendencia,88,4,100,0,91,3,100,0,84,8,75,0,42,1,25793,25,25815,00,25813,01,25856,76,25979,82,123,05,25,47,-43,50,32,50,209,00,BreatheWhipsaw,6,3
2026-02-02,09:32,ENTRY,LONG,Tendencia,91,3,100,0,100,0,100,0,100,0,50,0,62,6,25865,00,0,00,25844,39,25760,13,25662,96,97,17,16,48,0,00,0,00,209,00,,1,0
2026-02-02,09:36,EXIT,LONG,Tendencia,91,3,100,0,100,0,100,0,100,0,50,0,62,6,25865,00,25888,25,25844,39,25774,79,25666,60,108,18,21,27,46,50,46,50,255,50,BreatheWhipsaw,1,1
2026-02-02,09:38,ENTRY,LONG,Ruptura,93,9,100,0,97,7,100,0,100,0,75,0,84,9,25945,00,0,00,25919,30,25784,66,25668,69,115,97,23,27,0,00,46,50,255,50,,2,1
2026-02-02,09:42,EXIT,LONG,Ruptura,93,9,100,0,97,7,100,0,100,0,75,0,84,9,25945,00,25931,25,25919,30,25802,08,25672,78,129,30,23,54,-27,50,19,00,228,00,BreatheWhipsaw,2,2
2026-02-02,09:52,ENTRY,LONG,Ruptura,87,8,100,0,71,5,100,0,100,0,75,0,87,0,26011,25,0,00,25989,80,25851,01,25682,82,168,20,26,60,0,00,19,00,228,00,,3,2
2026-02-02,09:58,EXIT,LONG,Ruptura,87,8,100,0,71,5,100,0,100,0,75,0,87,0,26011,25,25981,50,25989,80,25887,51,25688,94,198,57,24,30,-59,50,-40,50,168,50,TrailStop,3,2
2026-02-02,15:00,ENTRY,SHORT,Tendencia,80,4,100,0,100,0,40,0,100,0,100,0,53,6,26071,75,0,00,26091,35,26142,65,25985,80,156,86,8,14,0,00,-40,50,168,50,,4,2
2026-02-02,15:04,EXIT,SHORT,Tendencia,80,4,100,0,100,0,40,0,100,0,100,0,53,6,26071,75,26097,25,26091,35,26139,20,25987,79,151,42,10,91,-51,00,-91,50,117,50,BreatheWhipsaw,4,3
2026-02-03,09:52,ENTRY,SHORT,Tendencia,97,5,100,0,100,0,100,0,100,0,75,0,100,0,25980,00,0,00,26006,67,26104,89,26195,93,91,04,28,56,0,00,0,00,117,50,,1,0
2026-02-03,10:06,EXIT,SHORT,Tendencia,97,5,100,0,100,0,100,0,100,0,75,0,100,0,25980,00,25833,25,25861,50,26001,15,26185,51,184,36,33,99,293,50,293,50,411,00,TrailStop,1,0
2026-02-04,09:36,ENTRY,SHORT,Tendencia,92,5,100,0,100,0,100,0,100,0,25,0,100,0,25573,25,0,00,25588,51,25573,31,25657,53,84,21,27,69,0,00,0,00,411,00,,1,0
2026-02-04,09:38,EXIT,SHORT,Tendencia,92,5,100,0,100,0,100,0,100,0,25,0,100,0,25573,25,25542,50,25588,51,25571,40,25656,98,85,58,31,14,61,50,61,50,472,50,BreatheWhipsaw,1,1
2026-02-04,09:58,ENTRY,SHORT,Ruptura,95,0,100,0,100,0,100,0,100,0,50,0,100,0,25445,00,0,00,25493,94,25548,56,25651,08,102,51,44,59,0,00,61,50,472,50,,2,1
2026-02-04,10:06,EXIT,SHORT,Ruptura,95,0,100,0,100,0,100,0,100,0,50,0,100,0,25445,00,25395,50,25399,50,25511,34,25645,56,134,22,48,77,99,00,160,50,571,50,TrailStop,2,1
2026-02-04,10:08,ENTRY,SHORT,Tendencia,82,7,100,0,62,2,100,0,77,4,25,0,100,0,25436,50,0,00,25442,00,25502,20,25644,33,142,13,49,61,0,00,160,50,571,50,,3,1
2026-02-04,10:10,EXIT,SHORT,Tendencia,82,7,100,0,62,2,100,0,77,4,25,0,100,0,25436,50,25473,25,25442,00,25495,19,25643,43,148,24,49,33,-73,50,87,00,498,00,BreatheWhipsaw,3,2
2026-02-05,09:58,ENTRY,SHORT,Tendencia,87,6,100,0,59,8,100,0,100,0,75,0,81,1,25016,00,0,00,25048,00,25035,91,25177,31,141,39,50,93,0,00,0,00,498,00,,1,0
2026-02-05,10:18,EXIT,SHORT,Tendencia,87,6,100,0,59,8,100,0,100,0,75,0,81,1,25016,00,24836,25,24846,56,24987,81,25156,67,168,86,52,43,359,50,359,50,857,50,TrailStop,1,0
2026-02-06,09:44,ENTRY,LONG,Tendencia,90,8,100,0,92,3,100,0,73,1,50,0,100,0,25110,75,0,00,25086,55,25030,74,24950,03,80,71,34,26,0,00,0,00,857,50,,1,0
2026-02-06,09:56,EXIT,LONG,Tendencia,90,8,100,0,92,3,100,0,73,1,50,0,100,0,25110,75,25090,00,25178,50,25072,30,24961,81,110,49,42,83,-41,50,-41,50,816,00,TrailStop,1,0
2026-02-06,09:58,ENTRY,LONG,Tendencia,89,3,100,0,87,8,100,0,67,0,50,0,100,0,25099,50,0,00,25083,54,25077,69,24963,70,113,99,42,28,0,00,-41,50,816,00,,2,0
2026-02-06,10:00,EXIT,LONG,Tendencia,89,3,100,0,87,8,100,0,67,0,50,0,100,0,25099,50,25043,00,25083,54,25081,65,24965,49,116,16,42,39,-113,00,-154,50,703,00,BreatheWhipsaw,2,1
2026-02-06,10:22,ENTRY,LONG,Ruptura,88,8,100,0,78,3,100,0,72,2,100,0,91,9,25110,25,0,00,25075,34,25081,06,24980,53,100,54,49,21,0,00,-154,50,703,00,,3,1
2026-02-06,10:24,EXIT,LONG,Ruptura,88,8,100,0,78,3,100,0,72,2,100,0,91,9,25110,25,25034,75,25075,34,25078,50,24982,07,96,43,50,92,-151,00,-305,50,552,00,BreatheWhipsaw,3,2
2026-02-09,10:36,ENTRY,LONG,Tendencia,91,3,100,0,100,0,100,0,100,0,50,0,63,3,25482,25,0,00,25460,05,25417,71,25327,71,90,00,26,93,0,00,0,00,552,00,,1,0
2026-02-09,10:48,EXIT,LONG,Tendencia,91,3,100,0,100,0,100,0,100,0,50,0,63,3,25482,25,25484,50,25485,00,25450,33,25330,64,119,69,22,73,4,50,4,50,556,50,TrailStop,1,0
2026-02-09,10:50,ENTRY,LONG,Tendencia,94,9,100,0,100,0,100,0,100,0,100,0,48,6,25511,00,0,00,25492,72,25454,94,25331,26,123,68,23,03,0,00,4,50,556,50,,2,0
2026-02-09,12:02,EXIT,LONG,Tendencia,94,9,100,0,100,0,100,0,100,0,100,0,48,6,25511,00,25620,50,25610,06,25590,18,25364,36,225,81,10,28,219,00,223,50,775,50,TrailStop,2,0
2026-02-09,13:22,ENTRY,SHORT,Ruptura,80,2,100,0,100,0,40,0,100,0,75,0,73,6,25557,50,0,00,25560,77,25589,89,25425,03,164,86,13,69,0,00,223,50,775,50,,3,0
2026-02-09,13:24,EXIT,SHORT,Ruptura,80,2,100,0,100,0,40,0,100,0,75,0,73,6,25557,50,25585,50,25560,77,25588,66,25426,59,162,08,14,61,-56,00,167,50,719,50,BreatheWhipsaw,3,1
2026-02-09,14:04,ENTRY,LONG,Ruptura,86,7,100,0,100,0,100,0,100,0,50,0,58,4,25615,75,0,00,25606,14,25587,14,25452,46,134,68,11,82,0,00,167,50,719,50,,4,1
2026-02-09,14:08,EXIT,LONG,Ruptura,86,7,100,0,100,0,100,0,100,0,50,0,58,4,25615,75,25597,25,25606,14,25588,40,25455,81,132,60,11,27,-37,00,130,50,682,50,BreatheWhipsaw,4,2
2026-02-09,14:16,ENTRY,LONG,Ruptura,88,2,100,0,100,0,100,0,100,0,75,0,53,4,25626,50,0,00,25615,67,25595,36,25460,98,134,39,11,10,0,00,130,50,682,50,,5,2
2026-02-09,14:24,EXIT,LONG,Ruptura,88,2,100,0,100,0,100,0,100,0,75,0,53,4,25626,50,25628,50,25615,67,25603,21,25466,18,137,04,10,32,4,00,134,50,686,50,TrailStop,5,2
2026-02-09,14:30,ENTRY,LONG,Tendencia,89,8,100,0,100,0,100,0,100,0,50,0,48,2,25644,00,0,00,25640,00,25609,61,25471,74,137,87,10,40,0,00,134,50,686,50,,6,2
2026-02-09,14:33,EXIT,LONG,Tendencia,89,8,100,0,100,0,100,0,100,0,50,0,48,2,25644,00,25641,75,25640,00,25611,61,25473,44,138,17,10,18,-4,50,130,00,682,00,BreatheWhipsaw,6,3
2026-02-10,15:44,ENTRY,SHORT,Tendencia,90,1,100,0,100,0,100,0,100,0,50,0,51,4,25466,50,0,00,25465,75,25480,69,25561,22,80,53,10,66,0,00,0,00,682,00,,1,0
2026-02-10,15:46,EXIT,SHORT,Tendencia,90,1,100,0,100,0,100,0,100,0,50,0,51,4,25466,50,25469,50,25465,75,25478,51,25560,71,82,20,10,74,-6,00,-6,00,676,00,BreatheWhipsaw,1,1
2026-02-11,09:38,ENTRY,SHORT,Ruptura,80,3,100,0,75,6,40,0,100,0,100,0,92,3,25587,00,0,00,25618,23,25643,05,25495,14,147,91,23,64,0,00,0,00,676,00,,1,0
2026-02-11,09:42,EXIT,SHORT,Ruptura,80,3,100,0,75,6,40,0,100,0,100,0,92,3,25587,00,25605,00,25618,23,25635,13,25495,65,139,48,26,92,-36,00,-36,00,640,00,BreatheWhipsaw,1,1
2026-02-11,10:10,ENTRY,SHORT,Ruptura,89,9,100,0,100,0,70,0,100,0,100,0,79,7,25459,00,0,00,25484,32,25578,71,25498,08,80,63,30,76,0,00,-36,00,640,00,,2,1
2026-02-11,10:30,EXIT,SHORT,Ruptura,89,9,100,0,100,0,70,0,100,0,100,0,79,7,25459,00,25312,50,25335,92,25446,53,25489,61,43,09,36,21,293,00,257,00,933,00,TrailStop,2,1
2026-02-11,10:40,ENTRY,SHORT,Tendencia,89,9,100,0,100,0,100,0,100,0,25,0,73,8,25396,75,0,00,25414,59,25391,88,25485,59,93,72,37,12,0,00,257,00,933,00,,3,1
2026-02-11,10:46,EXIT,SHORT,Tendencia,89,9,100,0,100,0,100,0,100,0,25,0,73,8,25396,75,25399,00,25414,59,25373,04,25484,04,111,00,35,61,-4,50,252,50,928,50,TrailStop,3,1
2026-02-12,10:21,ENTRY,SHORT,Tendencia,96,4,100,0,100,0,100,0,100,0,75,0,89,2,25425,00,0,00,25430,00,25467,93,25560,61,92,69,28,99,0,00,0,00,928,50,,1,0
2026-02-12,10:24,EXIT,SHORT,Tendencia,96,4,100,0,100,0,100,0,100,0,75,0,89,2,25425,00,25450,00,25430,00,25454,35,25559,89,105,54,29,46,-50,00,-50,00,878,50,BreatheWhipsaw,1,1
2026-02-12,10:38,ENTRY,SHORT,Ruptura,94,2,100,0,100,0,100,0,100,0,100,0,70,8,25358,00,0,00,25390,74,25433,11,25556,02,122,91,27,65,0,00,-50,00,878,50,,2,1
2026-02-12,10:48,EXIT,SHORT,Ruptura,94,2,100,0,100,0,100,0,100,0,100,0,70,8,25358,00,25333,75,25324,00,25404,48,25550,47,146,00,26,22,48,50,-1,50,927,00,TrailStop,2,1
2026-02-12,10:52,ENTRY,SHORT,Tendencia,88,5,100,0,100,0,100,0,100,0,25,0,60,0,25334,50,0,00,25360,75,25397,50,25548,19,150,69,26,34,0,00,-1,50,927,00,,3,1
2026-02-12,11:34,EXIT,SHORT,Tendencia,88,5,100,0,100,0,100,0,100,0,25,0,60,0,25334,50,25070,00,25073,02,25150,18,25506,16,355,99,34,15,529,00,527,50,1456,00,TrailStop,3,1
2026-02-13,11:10,ENTRY,LONG,Tendencia,93,9,100,0,100,0,100,0,100,0,100,0,39,0,25096,25,0,00,25079,75,25053,00,24964,12,88,88,38,58,0,00,0,00,1456,00,,1,0
2026-02-13,11:12,EXIT,LONG,Tendencia,93,9,100,0,100,0,100,0,100,0,100,0,39,0,25096,25,25068,50,25079,75,25051,09,24964,47,86,62,39,93,-55,50,-55,50,1400,50,BreatheWhipsaw,1,1
2026-02-16,10:40,ENTRY,SHORT,Tendencia,88,6,100,0,100,0,100,0,100,0,25,0,61,4,24919,50,0,00,24926,15,24959,86,25042,80,82,93,14,20,0,00,0,00,1400,50,,1,0
2026-02-16,10:44,EXIT,SHORT,Tendencia,88,6,100,0,100,0,100,0,100,0,25,0,61,4,24919,50,24911,75,24926,15,24951,93,25042,29,90,36,13,26,15,50,15,50,1416,00,BreatheWhipsaw,1,1
2026-02-16,11:38,ENTRY,SHORT,Ruptura,90,2,100,0,100,0,100,0,100,0,100,0,51,0,24902,00,0,00,24911,75,24932,80,25033,55,100,74,13,58,0,00,15,50,1416,00,,2,1
2026-02-16,11:44,EXIT,SHORT,Ruptura,90,2,100,0,100,0,100,0,100,0,100,0,51,0,24902,00,24924,00,24911,75,24931,70,25032,21,100,51,13,42,-44,00,-28,50,1372,00,TrailStop,2,1
2026-02-16,11:48,ENTRY,SHORT,Tendencia,87,6,100,0,100,0,100,0,100,0,25,0,50,5,24934,25,0,00,24942,55,24932,54,25031,41,98,88,13,41,0,00,-28,50,1372,00,,3,1
2026-02-16,11:50,EXIT,SHORT,Tendencia,87,6,100,0,100,0,100,0,100,0,25,0,50,5,24934,25,24945,00,24942,55,24932,40,25030,92,98,52,13,27,-21,50,-50,00,1350,50,BreatheWhipsaw,3,2
2026-02-17,10:26,ENTRY,SHORT,Tendencia,92,4,100,0,89,9,100,0,69,9,100,0,73,8,24741,75,0,00,24763,44,24759,65,24843,65,84,00,45,26,0,00,0,00,1350,50,,1,0
2026-02-17,10:36,EXIT,SHORT,Tendencia,92,4,100,0,89,9,100,0,69,9,100,0,73,8,24741,75,24707,75,24706,00,24739,99,24840,43,100,44,42,86,68,00,68,00,1418,50,TrailStop,1,0
2026-02-17,10:38,ENTRY,SHORT,Tendencia,81,9,100,0,76,9,100,0,52,6,50,0,62,3,24682,50,0,00,24716,59,24737,71,24839,74,102,03,42,12,0,00,68,00,1418,50,,2,0
2026-02-17,10:46,EXIT,SHORT,Tendencia,81,9,100,0,76,9,100,0,52,6,50,0,62,3,24682,50,24741,00,24716,59,24728,15,24837,30,109,15,39,80,-117,00,-49,00,1301,50,TrailStop,2,0
2026-02-17,11:02,ENTRY,LONG,Tendencia,84,5,100,0,100,0,70,0,94,3,75,0,50,7,24872,25,0,00,24841,08,24749,38,24836,39,87,01,39,22,0,00,-49,00,1301,50,,3,0
2026-02-17,11:30,EXIT,LONG,Tendencia,84,5,100,0,100,0,70,0,94,3,75,0,50,7,24872,25,24933,25,24962,31,24916,50,24840,93,75,57,31,50,122,00,73,00,1423,50,TrailStop,3,0
2026-02-17,11:36,ENTRY,LONG,Tendencia,88,6,100,0,100,0,100,0,100,0,50,0,36,5,24960,50,0,00,24934,39,24935,90,24841,37,94,53,31,81,0,00,73,00,1423,50,,4,0
2026-02-17,12:02,EXIT,LONG,Tendencia,88,6,100,0,100,0,100,0,100,0,50,0,36,5,24960,50,24954,75,24944,50,24966,10,24848,20,117,90,28,63,-11,50,61,50,1412,00,TrailStop,4,0
2026-02-17,12:06,ENTRY,LONG,Tendencia,81,3,100,0,83,3,100,0,61,1,50,0,35,3,24948,00,0,00,24957,75,24961,36,24848,93,112,43,27,10,0,00,61,50,1412,00,,5,0
2026-02-17,12:08,EXIT,LONG,Tendencia,81,3,100,0,83,3,100,0,61,1,50,0,35,3,24948,00,24967,25,24957,75,24960,18,24849,22,110,95,26,28,38,50,100,00,1450,50,BreatheWhipsaw,5,1
2026-02-18,10:28,ENTRY,LONG,Tendencia,93,7,100,0,100,0,100,0,100,0,75,0,61,8,25284,50,0,00,25270,75,25206,26,25109,37,96,89,25,63,0,00,0,00,1450,50,,1,0
2026-02-18,10:32,EXIT,LONG,Tendencia,93,7,100,0,100,0,100,0,100,0,75,0,61,8,25284,50,25248,75,25270,75,25229,76,25111,56,118,21,24,86,-71,50,-71,50,1379,00,BreatheWhipsaw,1,1
2026-02-18,10:56,ENTRY,LONG,Ruptura,85,8,100,0,100,0,100,0,100,0,75,0,41,6,25317,50,0,00,25302,34,25278,40,25126,42,151,99,20,88,0,00,-71,50,1379,00,,2,1
2026-02-18,11:00,EXIT,LONG,Ruptura,85,8,100,0,100,0,100,0,100,0,75,0,41,6,25317,50,25306,00,25302,34,25281,90,25128,97,152,93,19,95,-23,00,-94,50,1356,00,BreatheWhipsaw,2,2
2026-02-18,12:08,ENTRY,LONG,Ruptura,87,3,100,0,100,0,100,0,100,0,100,0,36,6,25342,50,0,00,25337,68,25313,55,25164,03,149,52,14,09,0,00,-94,50,1356,00,,3,2
2026-02-18,12:10,EXIT,LONG,Ruptura,87,3,100,0,100,0,100,0,100,0,100,0,36,6,25342,50,25325,50,25337,68,25314,64,25164,97,149,67,14,62,-34,00,-128,50,1322,00,BreatheWhipsaw,3,3
2026-02-18,15:16,ENTRY,SHORT,Ruptura,87,3,100,0,100,0,100,0,100,0,50,0,61,5,25075,75,0,00,25083,60,25124,73,25217,24,92,51,17,14,0,00,-128,50,1322,00,,4,3
2026-02-18,15:20,EXIT,SHORT,Ruptura,87,3,100,0,100,0,100,0,100,0,50,0,61,5,25075,75,25092,25,25083,60,25118,56,25217,11,98,55,17,62,-33,00,-161,50,1289,00,BreatheWhipsaw,4,4
2026-02-20,09:46,ENTRY,LONG,Ruptura,94,0,100,0,100,0,70,0,100,0,100,0,100,0,25158,75,0,00,25127,43,24993,16,25089,51,96,35,36,10,0,00,0,00,1289,00,,1,0
2026-02-20,09:48,EXIT,LONG,Ruptura,94,0,100,0,100,0,70,0,100,0,100,0,100,0,25158,75,25132,00,25127,43,25000,59,25089,35,88,76,36,88,-53,50,-53,50,1235,50,BreatheWhipsaw,1,1
2026-02-20,10:44,ENTRY,LONG,Ruptura,94,0,100,0,100,0,100,0,100,0,100,0,69,9,25265,75,0,00,25226,75,25189,40,25090,86,98,54,53,33,0,00,-53,50,1235,50,,2,1
2026-02-20,10:58,EXIT,LONG,Ruptura,94,0,100,0,100,0,100,0,100,0,100,0,69,9,25265,75,25319,00,25323,50,25242,10,25096,69,145,41,42,88,106,50,53,00,1342,00,TrailStop,2,1
2026-02-20,11:00,ENTRY,LONG,Tendencia,92,2,100,0,100,0,100,0,100,0,75,0,47,1,25344,00,0,00,25321,25,25250,33,25097,71,152,61,41,34,0,00,53,00,1342,00,,3,1
2026-02-20,11:02,EXIT,LONG,Tendencia,92,2,100,0,100,0,100,0,100,0,75,0,47,1,25344,00,25337,50,25321,25,25255,64,25098,73,156,91,40,15,-13,00,40,00,1329,00,BreatheWhipsaw,3,2
2026-02-20,13:42,ENTRY,LONG,Ruptura,92,5,100,0,100,0,100,0,100,0,100,0,62,6,25285,25,0,00,25260,00,25219,94,25139,22,80,72,35,38,0,00,40,00,1329,00,,4,2
2026-02-20,13:44,EXIT,LONG,Ruptura,92,5,100,0,100,0,100,0,100,0,100,0,62,6,25285,25,25263,25,25260,00,25220,91,25140,23,80,68,35,44,-44,00,-4,00,1285,00,BreatheWhipsaw,4,3
2026-02-20,13:46,ENTRY,LONG,Ruptura,88,4,100,0,100,0,100,0,100,0,50,0,67,0,25331,25,0,00,25292,03,25225,46,25141,63,83,83,38,62,0,00,-4,00,1285,00,,5,3
2026-02-20,13:52,EXIT,LONG,Ruptura,88,4,100,0,100,0,100,0,100,0,50,0,67,0,25331,25,25297,75,25292,03,25237,71,25145,74,91,97,38,23,-67,00,-71,00,1218,00,TrailStop,5,3
2026-02-20,13:54,ENTRY,LONG,Tendencia,91,1,100,0,100,0,100,0,100,0,50,0,61,2,25323,75,0,00,25297,75,25241,96,25147,07,94,89,36,74,0,00,-71,00,1218,00,,6,3
2026-02-20,14:06,EXIT,LONG,Tendencia,91,1,100,0,100,0,100,0,100,0,50,0,61,2,25323,75,25300,00,25326,50,25280,99,25155,06,125,93,29,20,-47,50,-118,50,1170,50,TrailStop,6,3
2026-02-23,11:00,ENTRY,SHORT,Tendencia,87,7,100,0,87,4,100,0,100,0,50,0,52,5,24965,25,0,00,24986,50,25059,14,25146,90,87,76,28,43,0,00,0,00,1170,50,,1,0
2026-02-23,11:20,EXIT,SHORT,Tendencia,87,7,100,0,87,4,100,0,100,0,50,0,52,5,24965,25,24941,25,24925,69,24970,10,25136,61,166,51,25,03,48,00,48,00,1218,50,TrailStop,1,0
2026-02-23,11:58,ENTRY,SHORT,Tendencia,82,0,100,0,56,7,100,0,100,0,75,0,31,5,24950,00,0,00,24964,00,24972,38,25122,79,150,41,19,15,0,00,48,00,1218,50,,2,0
2026-02-23,12:02,EXIT,SHORT,Tendencia,82,0,100,0,56,7,100,0,100,0,75,0,31,5,24950,00,24959,00,24964,00,24974,30,25120,74,146,44,19,19,-18,00,30,00,1200,50,BreatheWhipsaw,2,1
2026-02-23,14:30,ENTRY,SHORT,Ruptura,86,2,100,0,90,5,100,0,100,0,100,0,42,9,24931,50,0,00,24942,29,24959,98,25046,08,86,10,12,72,0,00,30,00,1200,50,,3,1
2026-02-23,14:32,EXIT,SHORT,Ruptura,86,2,100,0,90,5,100,0,100,0,100,0,42,9,24931,50,24936,50,24942,29,24956,68,25045,09,88,42,12,60,-10,00,20,00,1190,50,BreatheWhipsaw,3,2
2026-02-24,10:36,ENTRY,LONG,Tendencia,89,3,100,0,100,0,100,0,100,0,25,0,67,8,25211,00,0,00,25185,65,25136,68,25056,28,80,40,30,46,0,00,0,00,1190,50,,1,0
2026-02-24,10:46,EXIT,LONG,Tendencia,89,3,100,0,100,0,100,0,100,0,25,0,67,8,25211,00,25216,00,25226,25,25172,45,25060,61,111,84,26,35,10,00,10,00,1200,50,TrailStop,1,0
2026-02-24,10:48,ENTRY,LONG,Tendencia,90,1,100,0,100,0,100,0,100,0,50,0,51,4,25228,25,0,00,25218,50,25179,96,25061,66,118,30,25,31,0,00,10,00,1200,50,,2,0
2026-02-24,10:52,EXIT,LONG,Tendencia,90,1,100,0,100,0,100,0,100,0,50,0,51,4,25228,25,25218,50,25218,50,25189,25,25063,64,125,61,23,63,-19,50,-9,50,1181,00,BreatheWhipsaw,2,1
2026-02-24,11:06,ENTRY,LONG,Ruptura,86,9,100,0,100,0,100,0,100,0,100,0,34,3,25248,75,0,00,25239,40,25222,41,25070,90,151,51,20,80,0,00,-9,50,1181,00,,3,1
2026-02-24,11:08,EXIT,LONG,Ruptura,86,9,100,0,100,0,100,0,100,0,100,0,34,3,25248,75,25230,25,25239,40,25224,14,25071,94,152,20,21,10,-37,00,-46,50,1144,00,BreatheWhipsaw,3,2
2026-02-24,11:15,ENTRY,LONG,Ruptura,86,0,100,0,98,7,100,0,100,0,100,0,31,8,25251,50,0,00,25251,75,25225,96,25075,27,150,70,20,30,0,00,-46,50,1144,00,,4,2
2026-02-24,11:16,EXIT,LONG,Ruptura,86,0,100,0,98,7,100,0,100,0,100,0,31,8,25251,50,25240,50,25251,75,25227,88,25076,32,151,55,20,01,-22,00,-68,50,1122,00,BreatheWhipsaw,4,3
2026-02-24,11:56,ENTRY,LONG,Ruptura,86,1,100,0,100,0,100,0,100,0,100,0,30,7,25245,00,0,00,25244,25,25223,54,25097,95,125,58,16,28,0,00,-68,50,1122,00,,5,3
2026-02-24,11:58,EXIT,LONG,Ruptura,86,1,100,0,100,0,100,0,100,0,100,0,30,7,25245,00,25246,25,25244,25,25223,91,25098,94,124,97,15,80,2,50,-66,00,1124,50,BreatheWhipsaw,5,4
2026-02-24,12:28,ENTRY,LONG,Ruptura,86,0,100,0,100,0,100,0,100,0,100,0,30,0,25286,00,0,00,25283,75,25264,64,25116,37,148,26,11,26,0,00,-66,00,1124,50,,6,4
2026-02-24,12:30,EXIT,LONG,Ruptura,86,0,100,0,100,0,100,0,100,0,100,0,30,0,25286,00,25275,25,25283,75,25267,39,25117,54,149,85,11,12,-21,50,-87,50,1103,00,BreatheWhipsaw,6,5
2026-02-25,09:40,ENTRY,LONG,Tendencia,93,3,100,0,78,8,100,0,100,0,75,0,100,0,25469,00,0,00,25452,34,25393,00,25310,67,82,33,16,55,0,00,0,00,1103,00,,1,0
2026-02-25,09:58,EXIT,LONG,Tendencia,93,3,100,0,78,8,100,0,100,0,75,0,100,0,25469,00,25548,75,25533,67,25462,78,25322,27,140,51,22,27,159,50,159,50,1262,50,TrailStop,1,0
2026-02-25,10:00,ENTRY,LONG,Tendencia,95,0,100,0,100,0,100,0,100,0,50,0,100,0,25566,00,0,00,25556,71,25473,46,25323,69,149,78,23,05,0,00,159,50,1262,50,,2,0
2026-02-25,10:06,EXIT,LONG,Tendencia,95,0,100,0,100,0,100,0,100,0,50,0,100,0,25566,00,25559,75,25556,71,25502,21,25327,72,174,49,20,99,-12,50,147,00,1250,00,TrailStop,2,0
2026-02-25,11:08,ENTRY,LONG,Tendencia,88,4,100,0,100,0,100,0,100,0,50,0,34,0,25526,00,0,00,25517,00,25522,01,25367,63,154,38,13,67,0,00,147,00,1250,00,,3,0
2026-02-25,11:12,EXIT,LONG,Tendencia,88,4,100,0,100,0,100,0,100,0,50,0,34,0,25526,00,25513,50,25517,00,25517,91,25370,27,147,64,13,35,-25,00,122,00,1225,00,BreatheWhipsaw,3,1
2026-02-25,12:58,ENTRY,LONG,Ruptura,86,9,100,0,100,0,100,0,100,0,100,0,34,5,25575,00,0,00,25570,00,25558,25,25435,83,122,42,6,63,0,00,122,00,1225,00,,4,1
2026-02-25,13:06,EXIT,LONG,Ruptura,86,9,100,0,100,0,100,0,100,0,100,0,34,5,25575,00,25567,00,25570,00,25561,11,25441,49,119,62,6,14,-16,00,106,00,1209,00,TrailStop,4,1
2026-02-25,13:10,ENTRY,LONG,Tendencia,87,4,100,0,100,0,100,0,92,9,50,0,31,4,25570,00,0,00,25566,25,25563,03,25444,21,118,81,5,66,0,00,106,00,1209,00,,5,1
2026-02-25,13:16,EXIT,LONG,Tendencia,87,4,100,0,100,0,100,0,92,9,50,0,31,4,25570,00,25561,00,25566,25,25565,10,25446,95,118,15,6,02,-18,00,88,00,1191,00,BreatheWhipsaw,5,2
2026-02-25,14:06,ENTRY,LONG,Ruptura,85,2,100,0,100,0,100,0,100,0,75,0,38,3,25591,75,0,00,25587,96,25570,08,25472,76,97,32,5,06,0,00,88,00,1191,00,,6,2
2026-02-25,14:12,EXIT,LONG,Ruptura,85,2,100,0,100,0,100,0,100,0,75,0,38,3,25591,75,25588,75,25587,96,25574,66,25476,82,97,84,4,81,-6,00,82,00,1185,00,TrailStop,6,2
2026-02-26,10:02,ENTRY,SHORT,Tendencia,92,3,100,0,77,8,100,0,67,6,100,0,100,0,25355,00,0,00,25387,05,25484,69,25574,72,90,03,32,40,0,00,0,00,1185,00,,1,0
2026-02-26,10:04,EXIT,SHORT,Tendencia,92,3,100,0,77,8,100,0,67,6,100,0,100,0,25355,00,25425,00,25387,05,25475,13,25574,08,98,95,33,50,-140,00,-140,00,1045,00,BreatheWhipsaw,1,1
2026-02-26,10:14,ENTRY,SHORT,Ruptura,95,0,100,0,100,0,100,0,100,0,50,0,100,0,25310,00,0,00,25338,22,25427,05,25570,46,143,41,33,96,0,00,-140,00,1045,00,,2,1
2026-02-26,10:28,EXIT,SHORT,Ruptura,95,0,100,0,100,0,100,0,100,0,50,0,100,0,25310,00,25134,00,25183,40,25321,94,25558,35,236,42,40,65,352,00,212,00,1397,00,TrailStop,2,1
2026-02-26,14:04,ENTRY,LONG,Tendencia,80,1,100,0,100,0,40,0,99,3,100,0,52,1,25245,00,0,00,25228,72,25198,60,25354,59,155,99,17,04,0,00,212,00,1397,00,,3,1
2026-02-26,14:28,EXIT,LONG,Tendencia,80,1,100,0,100,0,40,0,99,3,100,0,52,1,25245,00,25277,75,25282,31,25256,89,25335,77,78,88,14,41,65,50,277,50,1462,50,TrailStop,3,1
2026-02-27,09:44,ENTRY,SHORT,Tendencia,95,7,100,0,95,1,100,0,100,0,75,0,92,1,25010,00,0,00,25036,63,25058,90,25192,24,133,34,32,84,0,00,0,00,1462,50,,1,0
2026-02-27,09:45,EXIT,SHORT,Tendencia,95,7,100,0,95,1,100,0,100,0,75,0,92,1,25010,00,25084,25,25036,63,25058,90,25192,24,133,34,32,84,-148,50,-148,50,1314,00,HardStop,1,0
2026-02-27,09:46,ENTRY,LONG,Ruptura,82,6,100,0,100,0,40,0,100,0,50,0,98,0,25083,00,0,00,25051,57,25059,61,25191,40,131,79,35,90,0,00,-148,50,1314,00,,2,0
2026-02-27,09:58,EXIT,LONG,Ruptura,82,6,100,0,100,0,40,0,100,0,50,0,98,0,25083,00,25085,75,25083,00,25076,35,25188,09,111,74,39,44,5,50,-143,00,1319,50,TrailStop,2,0
2026-02-27,10:00,ENTRY,LONG,Ruptura,82,4,100,0,100,0,40,0,100,0,75,0,84,6,25101,25,0,00,25090,00,25079,40,25187,49,108,09,37,48,0,00,-143,00,1319,50,,3,0
2026-02-27,10:16,EXIT,LONG,Ruptura,82,4,100,0,100,0,40,0,100,0,75,0,84,6,25101,25,25171,50,25176,00,25125,15,25184,69,59,54,35,62,140,50,-2,50,1460,00,TrailStop,3,0
2026-03-27,09:36,ENTRY,SHORT,Tendencia,93,8,100,0,100,0,100,0,97,5,75,0,65,3,23580,25,0,00,23598,31,23610,74,23731,73,120,99,23,08,0,00,0,00,0,00,,1,0
2026-03-27,09:42,EXIT,SHORT,Tendencia,93,8,100,0,100,0,100,0,97,5,75,0,65,3,23580,25,23594,50,23598,31,23605,19,23726,82,121,63,28,17,-28,50,-28,50,-28,50,TrailStop,1,0
2026-03-27,09:54,ENTRY,SHORT,Tendencia,95,4,100,0,100,0,100,0,94,7,75,0,84,6,23548,00,0,00,23573,58,23607,10,23718,06,110,96,33,78,0,00,-28,50,-28,50,,2,0
2026-03-27,10:04,EXIT,SHORT,Tendencia,95,4,100,0,100,0,100,0,94,7,75,0,84,6,23548,00,23489,75,23509,50,23579,59,23708,48,128,89,36,78,116,50,88,00,88,00,TrailStop,2,0
2026-03-27,10:12,ENTRY,SHORT,Tendencia,93,3,100,0,94,2,100,0,94,2,75,0,75,0,23484,00,0,00,23510,30,23551,56,23701,11,149,55,35,07,0,00,88,00,88,00,,3,0
2026-03-27,10:14,EXIT,SHORT,Tendencia,93,3,100,0,94,2,100,0,94,2,75,0,75,0,23484,00,23519,25,23510,30,23546,83,23699,42,152,60,35,57,-70,50,17,50,17,50,BreatheWhipsaw,3,1
2026-03-27,10:42,ENTRY,SHORT,Ruptura,87,2,100,0,83,6,100,0,100,0,100,0,56,6,23457,00,0,00,23481,54,23503,61,23673,50,169,89,32,39,0,00,17,50,17,50,,4,1
2026-03-27,10:48,EXIT,SHORT,Ruptura,87,2,100,0,83,6,100,0,100,0,100,0,56,6,23457,00,23460,50,23481,54,23497,50,23667,50,170,00,31,21,-7,00,10,50,10,50,TrailStop,4,1
2026-03-27,11:20,ENTRY,SHORT,Tendencia,86,3,100,0,72,9,100,0,74,4,100,0,42,9,23467,00,0,00,23488,60,23497,43,23642,80,145,37,29,13,0,00,10,50,10,50,,5,1
2026-03-27,11:24,EXIT,SHORT,Tendencia,86,3,100,0,72,9,100,0,74,4,100,0,42,9,23467,00,23534,50,23488,60,23498,93,23639,65,140,73,27,56,-135,00,-124,50,-124,50,HardStop,5,1
2026-03-27,11:44,ENTRY,SHORT,Tendencia,95,2,100,0,100,0,100,0,100,0,100,0,51,9,23527,00,0,00,23553,00,23533,70,23628,81,95,11,34,00,0,00,-124,50,-124,50,,6,1
2026-03-27,11:48,EXIT,SHORT,Tendencia,95,2,100,0,100,0,100,0,100,0,100,0,51,9,23527,00,23551,00,23553,00,23534,85,23626,65,91,80,32,27,-48,00,-172,50,-172,50,BreatheWhipsaw,6,2
2026-03-30,10:30,ENTRY,SHORT,Tendencia,90,2,100,0,78,9,100,0,100,0,75,0,69,1,23332,50,0,00,23353,75,23340,05,23430,56,90,51,30,30,0,00,0,00,-172,50,,1,0
2026-03-30,10:34,EXIT,SHORT,Tendencia,90,2,100,0,78,9,100,0,100,0,75,0,69,1,23332,50,23341,00,23353,75,23337,06,23429,88,92,81,30,03,-17,00,-17,00,-189,50,BreatheWhipsaw,1,1
2026-03-30,10:38,ENTRY,SHORT,Ruptura,90,5,100,0,100,0,100,0,100,0,75,0,65,2,23302,25,0,00,23325,20,23334,66,23429,05,94,39,30,26,0,00,-17,00,-189,50,,2,1
2026-03-30,10:42,EXIT,SHORT,Ruptura,90,5,100,0,100,0,100,0,100,0,75,0,65,2,23302,25,23313,25,23325,20,23335,39,23428,24,92,85,29,93,-22,00,-39,00,-211,50,BreatheWhipsaw,2,2
2026-03-30,11:18,ENTRY,SHORT,Ruptura,88,8,100,0,91,3,100,0,100,0,100,0,54,9,23306,50,0,00,23331,87,23333,94,23421,07,87,13,33,49,0,00,-39,00,-211,50,,3,2
2026-03-30,11:26,EXIT,SHORT,Ruptura,88,8,100,0,91,3,100,0,100,0,100,0,54,9,23306,50,23334,00,23331,87,23337,19,23418,67,81,48,31,69,-55,00,-94,00,-266,50,TrailStop,3,2
2026-03-30,12:46,ENTRY,SHORT,Tendencia,85,2,100,0,78,1,100,0,88,9,75,0,31,6,23298,50,0,00,23308,50,23305,24,23403,72,98,48,20,17,0,00,-94,00,-266,50,,4,2
2026-03-30,12:54,EXIT,SHORT,Tendencia,85,2,100,0,78,1,100,0,88,9,75,0,31,6,23298,50,23308,50,23305,00,23300,70,23401,55,100,85,19,42,-20,00,-114,00,-286,50,TrailStop,4,2
2026-03-30,12:56,ENTRY,SHORT,Tendencia,83,8,100,0,83,3,100,0,88,9,50,0,32,6,23294,75,0,00,23308,90,23298,51,23401,03,102,51,19,53,0,00,-114,00,-286,50,,5,2
2026-03-30,13:04,EXIT,SHORT,Tendencia,83,8,100,0,83,3,100,0,88,9,50,0,32,6,23294,75,23293,75,23294,75,23293,43,23398,70,105,27,18,84,2,00,-112,00,-284,50,TrailStop,5,2
2026-03-30,13:06,ENTRY,SHORT,Tendencia,85,0,100,0,83,3,100,0,100,0,50,0,33,8,23279,00,0,00,23293,75,23292,39,23398,06,105,67,19,00,0,00,-112,00,-284,50,,6,2
2026-03-30,13:10,EXIT,SHORT,Tendencia,85,0,100,0,83,3,100,0,100,0,50,0,33,8,23279,00,23286,75,23293,75,23291,38,23396,75,105,38,19,43,-15,50,-127,50,-300,00,BreatheWhipsaw,6,3
2026-03-31,10:00,ENTRY,LONG,Tendencia,81,4,100,0,76,2,100,0,70,7,25,0,65,6,23522,50,0,00,23509,25,23449,85,23346,12,103,73,34,55,0,00,0,00,-300,00,,1,0
2026-03-31,10:12,EXIT,LONG,Tendencia,81,4,100,0,76,2,100,0,70,7,25,0,65,6,23522,50,23503,00,23509,25,23494,95,23354,43,140,52,33,99,-39,00,-39,00,-339,00,TrailStop,1,0
2026-03-31,10:14,ENTRY,LONG,Tendencia,80,7,100,0,53,3,100,0,85,8,50,0,64,1,23524,25,0,00,23498,01,23499,46,23355,64,143,82,34,65,0,00,-39,00,-339,00,,2,0
2026-03-31,10:24,EXIT,LONG,Tendencia,80,7,100,0,53,3,100,0,85,8,50,0,64,1,23524,25,23535,50,23545,75,23524,68,23361,34,163,34,34,34,22,50,-16,50,-316,50,TrailStop,2,0
2026-03-31,10:52,ENTRY,SHORT,Tendencia,80,6,100,0,100,0,40,0,100,0,100,0,56,2,23448,25,0,00,23473,64,23528,04,23373,38,154,66,33,86,0,00,-16,50,-316,50,,3,0
2026-03-31,11:02,EXIT,SHORT,Tendencia,80,6,100,0,100,0,40,0,100,0,100,0,56,2,23448,25,23409,50,23416,00,23494,94,23374,62,120,32,32,68,77,50,61,00,-239,00,TrailStop,3,0
2026-03-31,11:10,ENTRY,LONG,Tendencia,87,5,100,0,61,8,100,0,100,0,100,0,51,0,23498,00,0,00,23475,25,23478,53,23377,26,101,26,33,15,0,00,61,00,-239,00,,4,0
2026-03-31,11:12,EXIT,LONG,Tendencia,87,5,100,0,61,8,100,0,100,0,100,0,51,0,23498,00,23477,00,23475,25,23474,01,23378,01,96,00,33,03,-42,00,19,00,-281,00,BreatheWhipsaw,4,1
2026-03-31,11:16,ENTRY,LONG,Ruptura,87,6,100,0,100,0,100,0,99,3,75,0,50,8,23531,50,0,00,23505,93,23468,69,23379,88,88,81,33,76,0,00,19,00,-281,00,,5,1
2026-03-31,11:24,EXIT,LONG,Ruptura,87,6,100,0,100,0,100,0,99,3,75,0,50,8,23531,50,23500,25,23528,50,23470,28,23384,12,86,16,33,13,-62,50,-43,50,-343,50,TrailStop,5,1
2026-03-31,11:26,ENTRY,LONG,Tendencia,85,1,100,0,82,0,100,0,88,0,50,0,48,7,23521,75,0,00,23496,71,23472,00,23385,12,86,88,33,05,0,00,-43,50,-343,50,,6,1
2026-03-31,11:30,EXIT,LONG,Tendencia,85,1,100,0,82,0,100,0,88,0,50,0,48,7,23521,75,23496,25,23496,71,23475,64,23387,12,88,52,33,31,-51,00,-94,50,-394,50,BreatheWhipsaw,6,2
2026-04-01,10:54,ENTRY,LONG,Tendencia,89,9,100,0,97,9,100,0,100,0,50,0,53,1,24252,75,0,00,24230,00,24194,54,24113,36,81,18,35,91,0,00,0,00,-394,50,,1,0
2026-04-01,11:06,EXIT,LONG,Tendencia,89,9,100,0,97,9,100,0,100,0,50,0,53,1,24252,75,24273,25,24263,00,24217,29,24118,92,98,37,31,07,41,00,41,00,-353,50,TrailStop,1,0
2026-04-01,11:20,ENTRY,LONG,Tendencia,88,3,100,0,100,0,100,0,100,0,50,0,32,6,24277,00,0,00,24259,75,24249,83,24125,46,124,37,25,81,0,00,41,00,-353,50,,2,0
2026-04-01,11:28,EXIT,LONG,Tendencia,88,3,100,0,100,0,100,0,100,0,50,0,32,6,24277,00,24260,50,24259,75,24263,51,24129,10,134,41,24,22,-33,00,8,00,-386,50,TrailStop,2,0
2026-04-01,11:36,ENTRY,LONG,Tendencia,85,5,100,0,90,3,100,0,91,5,50,0,32,9,24276,75,0,00,24258,59,24267,76,24132,62,135,15,24,54,0,00,8,00,-386,50,,3,0
2026-04-01,11:48,EXIT,LONG,Tendencia,85,5,100,0,90,3,100,0,91,5,50,0,32,9,24276,75,24293,75,24280,25,24272,45,24139,06,133,39,22,08,34,00,42,00,-352,50,TrailStop,3,0
2026-04-01,11:50,ENTRY,LONG,Tendencia,81,9,100,0,88,2,100,0,87,3,25,0,30,0,24289,50,0,00,24286,75,24272,76,24140,28,132,49,21,11,0,00,42,00,-352,50,,4,0
2026-04-01,11:52,EXIT,LONG,Tendencia,81,9,100,0,88,2,100,0,87,3,25,0,30,0,24289,50,24292,50,24286,75,24273,71,24141,57,132,14,20,80,6,00,48,00,-346,50,BreatheWhipsaw,4,1
2026-04-02,10:22,ENTRY,LONG,Tendencia,86,4,100,0,60,8,100,0,68,8,100,0,73,7,23996,25,0,00,23969,82,23877,10,23794,71,82,39,38,24,0,00,0,00,-346,50,,1,0
2026-04-02,10:26,EXIT,LONG,Tendencia,86,4,100,0,60,8,100,0,68,8,100,0,73,7,23996,25,23953,00,23969,82,23901,78,23795,92,105,85,37,49,-86,50,-86,50,-433,00,BreatheWhipsaw,1,1
2026-04-02,10:34,ENTRY,LONG,Ruptura,87,8,100,0,91,4,100,0,88,8,75,0,70,6,24023,25,0,00,23993,82,23936,73,23798,17,138,55,40,24,0,00,-86,50,-433,00,,2,1
2026-04-02,15:50,EXIT,LONG,Ruptura,87,8,100,0,91,4,100,0,88,8,75,0,70,6,24023,25,24172,00,24023,25,24151,79,24075,39,76,39,15,01,297,50,211,00,-135,50,OutOfSession,2,1
2026-04-07,10:06,ENTRY,SHORT,Tendencia,94,6,100,0,95,5,100,0,90,9,100,0,64,4,24061,25,0,00,24087,91,24178,04,24272,94,94,91,33,55,0,00,0,00,-135,50,,1,0
2026-04-07,10:22,EXIT,SHORT,Tendencia,94,6,100,0,95,5,100,0,90,9,100,0,64,4,24061,25,24098,50,24087,91,24105,35,24265,53,160,18,34,26,-74,50,-74,50,-210,00,TrailStop,1,0
2026-04-07,10:28,ENTRY,SHORT,Tendencia,93,5,100,0,100,0,100,0,100,0,75,0,60,1,24088,25,0,00,24113,04,24093,75,24263,49,169,74,34,05,0,00,-74,50,-210,00,,2,0
2026-04-07,10:30,EXIT,SHORT,Tendencia,93,5,100,0,100,0,100,0,100,0,75,0,60,1,24088,25,24112,25,24113,04,24090,81,24262,83,172,01,34,46,-48,00,-122,50,-258,00,BreatheWhipsaw,2,1
2026-04-07,10:52,ENTRY,SHORT,Ruptura,86,5,100,0,95,1,100,0,93,0,75,0,56,2,24053,00,0,00,24079,70,24083,74,24253,10,169,36,35,26,0,00,-122,50,-258,00,,3,1
2026-04-07,10:54,EXIT,SHORT,Ruptura,86,5,100,0,95,1,100,0,93,0,75,0,56,2,24053,00,24069,00,24079,70,24086,05,24251,87,165,82,35,42,-32,00,-154,50,-290,00,BreatheWhipsaw,3,2
2026-04-07,10:56,ENTRY,SHORT,Ruptura,85,9,100,0,100,0,100,0,100,0,50,0,54,4,24050,50,0,00,24070,00,24086,13,24250,47,164,34,34,64,0,00,-154,50,-290,00,,4,2
2026-04-07,11:04,EXIT,SHORT,Ruptura,85,9,100,0,100,0,100,0,100,0,50,0,54,4,24050,50,23982,50,24011,75,24072,39,24243,95,171,56,35,23,136,00,-18,50,-154,00,TrailStop,4,2
2026-04-08,10:20,ENTRY,SHORT,Tendencia,82,9,100,0,43,3,100,0,75,5,100,0,67,5,25061,00,0,00,25087,04,25093,36,25189,09,95,73,31,06,0,00,0,00,-154,00,,1,0
2026-04-08,10:24,EXIT,SHORT,Tendencia,82,9,100,0,43,3,100,0,75,5,100,0,67,5,25061,00,25077,00,25087,04,25090,20,25188,36,98,16,29,82,-32,00,-32,00,-186,00,BreatheWhipsaw,1,1
2026-04-08,10:46,ENTRY,SHORT,Ruptura,87,0,100,0,93,4,100,0,86,0,100,0,53,6,25029,25,0,00,25045,75,25062,43,25183,07,120,64,28,25,0,00,-32,00,-186,00,,2,1
2026-04-08,10:56,EXIT,SHORT,Ruptura,87,0,100,0,93,4,100,0,86,0,100,0,53,6,25029,25,24968,25,25012,00,25042,65,25179,30,136,65,29,56,122,00,90,00,-64,00,TrailStop,2,1
2026-04-08,11:00,ENTRY,SHORT,Tendencia,86,6,100,0,100,0,100,0,87,8,25,0,53,6,24997,75,0,00,24997,25,25033,63,25177,44,143,82,30,51,0,00,90,00,-64,00,,3,1
2026-04-08,11:02,EXIT,SHORT,Tendencia,86,6,100,0,100,0,100,0,87,8,25,0,53,6,24997,75,25021,75,24997,25,25030,90,25176,67,145,77,30,49,-48,00,42,00,-112,00,BreatheWhipsaw,3,2
2026-04-09,11:54,ENTRY,LONG,Tendencia,90,9,100,0,89,7,100,0,100,0,75,0,54,7,25174,25,0,00,25156,25,25112,60,25029,00,83,60,25,60,0,00,0,00,-112,00,,1,0
2026-04-09,12:14,EXIT,LONG,Tendencia,90,9,100,0,89,7,100,0,100,0,75,0,54,7,25174,25,25219,00,25217,00,25178,75,25039,52,139,23,25,59,89,50,89,50,-22,50,TrailStop,1,0
2026-04-09,12:18,ENTRY,LONG,Tendencia,87,1,100,0,84,1,100,0,100,0,50,0,52,9,25233,50,0,00,25214,50,25188,46,25041,78,146,68,24,98,0,00,89,50,-22,50,,2,0
2026-04-09,12:26,EXIT,LONG,Tendencia,87,1,100,0,84,1,100,0,100,0,50,0,52,9,25233,50,25216,00,25214,50,25207,66,25046,17,161,49,22,93,-35,00,54,50,-57,50,TrailStop,2,0
2026-04-09,13:08,ENTRY,LONG,Tendencia,88,3,100,0,98,5,100,0,100,0,50,0,36,3,25222,50,0,00,25207,83,25195,16,25065,33,129,83,18,23,0,00,54,50,-57,50,,3,0
2026-04-09,13:16,EXIT,LONG,Tendencia,88,3,100,0,98,5,100,0,100,0,50,0,36,3,25222,50,25237,50,25228,00,25200,06,25069,65,130,41,18,07,30,00,84,50,-27,50,TrailStop,3,0
2026-04-09,13:36,ENTRY,LONG,Tendencia,86,6,100,0,81,2,100,0,88,5,75,0,40,5,25227,75,0,00,25213,46,25221,44,25080,52,140,92,17,72,0,00,84,50,-27,50,,4,0
2026-04-09,13:44,EXIT,LONG,Tendencia,86,6,100,0,81,2,100,0,88,5,75,0,40,5,25227,75,25241,75,25244,00,25230,64,25085,61,145,03,17,07,28,00,112,50,0,50,TrailStop,4,0
2026-04-09,14:24,ENTRY,SHORT,Tendencia,80,2,100,0,100,0,40,0,100,0,100,0,52,1,25152,25,0,00,25167,86,25198,46,25106,13,92,33,18,49,0,00,112,50,0,50,,5,0
2026-04-09,14:28,EXIT,SHORT,Tendencia,80,2,100,0,100,0,40,0,100,0,100,0,52,1,25152,25,25167,25,25167,86,25190,90,25107,42,83,48,18,34,-30,00,82,50,-29,50,BreatheWhipsaw,5,1
2026-04-13,09:58,ENTRY,LONG,Tendencia,86,0,100,0,51,5,100,0,81,7,75,0,100,0,25274,00,0,00,25260,25,25213,58,25132,42,81,16,27,95,0,00,0,00,-29,50,,1,0
2026-04-13,10:10,EXIT,LONG,Tendencia,86,0,100,0,51,5,100,0,81,7,75,0,100,0,25274,00,25305,25,25310,75,25246,74,25138,52,108,22,27,04,62,50,62,50,33,00,TrailStop,1,0
2026-04-13,10:12,ENTRY,LONG,Tendencia,87,9,100,0,96,0,100,0,80,4,25,0,81,7,25296,50,0,00,25292,50,25250,46,25139,44,111,03,26,34,0,00,62,50,33,00,,2,0
2026-04-13,10:14,EXIT,LONG,Tendencia,87,9,100,0,96,0,100,0,80,4,25,0,81,7,25296,50,25279,00,25292,50,25253,46,25140,31,113,15,26,07,-35,00,27,50,-2,00,BreatheWhipsaw,2,1
2026-04-13,10:46,ENTRY,LONG,Ruptura,90,8,100,0,100,0,100,0,100,0,100,0,54,0,25314,50,0,00,25300,10,25290,86,25154,89,135,97,22,53,0,00,27,50,-2,00,,3,1
2026-04-13,10:50,EXIT,LONG,Ruptura,90,8,100,0,100,0,100,0,100,0,100,0,54,0,25314,50,25301,00,25300,10,25289,50,25156,74,132,76,21,25,-27,00,0,50,-29,00,BreatheWhipsaw,3,2
2026-04-13,10:54,ENTRY,LONG,Ruptura,86,2,100,0,96,4,100,0,100,0,75,0,48,2,25325,50,0,00,25311,42,25292,61,25158,79,133,82,21,11,0,00,0,50,-29,00,,4,2
2026-04-13,11:02,EXIT,LONG,Ruptura,86,2,100,0,96,4,100,0,100,0,75,0,48,2,25325,50,25327,25,25341,25,25306,13,25163,31,142,81,22,14,3,50,4,00,-25,50,TrailStop,4,2
2026-04-13,11:04,ENTRY,LONG,Tendencia,86,9,100,0,100,0,100,0,96,8,25,0,47,1,25314,50,0,00,25313,25,25308,00,25164,31,143,69,21,75,0,00,4,00,-25,50,,5,2
2026-04-13,11:06,EXIT,LONG,Tendencia,86,9,100,0,100,0,100,0,96,8,25,0,47,1,25314,50,25310,50,25313,25,25308,81,25165,27,143,54,21,18,-8,00,-4,00,-33,50,BreatheWhipsaw,5,3
2026-04-13,12:26,ENTRY,LONG,Ruptura,89,9,100,0,100,0,100,0,100,0,100,0,49,3,25364,00,0,00,25352,08,25317,18,25206,76,110,41,19,22,0,00,-4,00,-33,50,,6,3
2026-04-13,12:28,EXIT,LONG,Ruptura,89,9,100,0,100,0,100,0,100,0,100,0,49,3,25364,00,25362,50,25352,08,25319,20,25208,00,111,20,18,88,-3,00,-7,00,-36,50,BreatheWhipsaw,6,4
2026-04-14,10:16,ENTRY,LONG,Tendencia,94,1,100,0,100,0,100,0,100,0,75,0,65,5,25778,25,0,00,25766,00,25742,73,25662,04,80,68,19,75,0,00,0,00,-36,50,,1,0
2026-04-14,10:20,EXIT,LONG,Tendencia,94,1,100,0,100,0,100,0,100,0,75,0,65,5,25778,25,25767,50,25766,00,25747,31,25663,41,83,90,18,98,-21,50,-21,50,-58,00,BreatheWhipsaw,1,1
2026-04-14,10:22,ENTRY,LONG,Ruptura,87,7,100,0,100,0,100,0,100,0,50,0,63,5,25790,00,0,00,25774,60,25750,39,25664,21,86,18,19,53,0,00,-21,50,-58,00,,2,1
2026-04-14,10:36,EXIT,LONG,Ruptura,87,7,100,0,100,0,100,0,100,0,50,0,63,5,25790,00,25814,50,25793,75,25767,66,25670,41,97,25,17,89,49,00,27,50,-9,00,TrailStop,2,1
2026-04-14,10:40,ENTRY,LONG,Tendencia,87,6,100,0,100,0,100,0,95,1,25,0,55,6,25789,75,0,00,25785,50,25775,30,25672,23,103,07,18,13,0,00,27,50,-9,00,,3,1
2026-04-14,10:42,EXIT,LONG,Tendencia,87,6,100,0,100,0,100,0,95,1,25,0,55,6,25789,75,25795,50,25785,50,25778,66,25673,12,105,54,18,00,11,50,39,00,2,50,BreatheWhipsaw,3,2
2026-04-14,11:52,ENTRY,LONG,Ruptura,87,3,100,0,95,4,100,0,100,0,100,0,42,3,25895,50,0,00,25884,80,25841,59,25703,75,137,84,14,26,0,00,39,00,2,50,,4,2
2026-04-14,11:58,EXIT,LONG,Ruptura,87,3,100,0,95,4,100,0,100,0,100,0,42,3,25895,50,25883,25,25884,80,25856,14,25707,07,149,07,13,63,-24,50,14,50,-22,00,TrailStop,4,2
2026-04-14,12:00,ENTRY,LONG,Tendencia,85,1,100,0,95,9,100,0,93,4,25,0,40,5,25876,00,0,00,25874,50,25859,43,25708,14,151,29,13,42,0,00,14,50,-22,00,,5,2
2026-04-14,12:02,EXIT,LONG,Tendencia,85,1,100,0,95,9,100,0,93,4,25,0,40,5,25876,00,25881,25,25874,50,25862,34,25709,22,153,12,13,20,10,50,25,00,-11,50,BreatheWhipsaw,5,3
2026-04-14,13:18,ENTRY,LONG,Ruptura,88,3,100,0,100,0,100,0,100,0,100,0,41,3,25938,00,0,00,25929,88,25922,31,25760,43,161,88,10,50,0,00,25,00,-11,50,,6,3
2026-04-14,13:26,EXIT,LONG,Ruptura,88,3,100,0,100,0,100,0,100,0,100,0,41,3,25938,00,25950,25,25953,00,25928,41,25766,94,161,47,10,60,24,50,49,50,13,00,TrailStop,6,3
2026-04-15,10:32,ENTRY,LONG,Tendencia,81,6,100,0,66,4,100,0,45,2,75,0,62,8,26144,25,0,00,26129,30,26086,89,26003,91,82,98,21,60,0,00,0,00,13,00,,1,0
2026-04-15,10:40,EXIT,LONG,Tendencia,81,6,100,0,66,4,100,0,45,2,75,0,62,8,26144,25,26113,00,26129,30,26102,39,26006,62,95,77,21,85,-62,50,-62,50,-49,50,TrailStop,1,0
2026-04-15,10:42,ENTRY,LONG,Tendencia,91,1,100,0,100,0,100,0,100,0,50,0,61,4,26140,25,0,00,26122,43,26105,96,26007,28,98,69,22,43,0,00,-62,50,-49,50,,2,0
2026-04-15,10:54,EXIT,LONG,Tendencia,91,1,100,0,100,0,100,0,100,0,50,0,61,4,26140,25,26153,75,26153,75,26129,29,26011,53,117,76,20,11,27,00,-35,50,-22,50,TrailStop,2,0
2026-04-15,10:56,ENTRY,LONG,Tendencia,89,9,100,0,100,0,100,0,100,0,50,0,49,4,26163,75,0,00,26153,50,26132,59,26012,30,120,29,19,57,0,00,-35,50,-22,50,,3,0
2026-04-15,11:06,EXIT,LONG,Tendencia,89,9,100,0,100,0,100,0,100,0,50,0,49,4,26163,75,26167,50,26169,25,26150,26,26016,33,133,94,17,54,7,50,-28,00,-15,00,TrailStop,3,0
2026-04-15,11:12,ENTRY,LONG,Tendencia,86,4,100,0,82,3,100,0,82,9,75,0,41,4,26174,50,0,00,26150,81,26153,15,26018,30,134,85,18,25,0,00,-28,00,-15,00,,4,0
2026-04-15,11:24,EXIT,LONG,Tendencia,86,4,100,0,82,3,100,0,82,9,75,0,41,4,26174,50,26186,00,26181,00,26167,54,26023,10,144,44,16,67,23,00,-5,00,8,00,TrailStop,4,0
2026-04-15,11:28,ENTRY,LONG,Tendencia,87,4,100,0,82,3,100,0,100,0,75,0,34,7,26198,75,0,00,26190,75,26172,50,26024,82,147,68,15,95,0,00,-5,00,8,00,,5,0
2026-04-15,11:30,EXIT,LONG,Tendencia,87,4,100,0,82,3,100,0,100,0,75,0,34,7,26198,75,26192,00,26190,75,26173,99,26025,65,148,34,15,73,-13,50,-18,50,-5,50,BreatheWhipsaw,5,1
2026-04-15,12:22,ENTRY,LONG,Ruptura,85,5,100,0,93,8,100,0,100,0,100,0,35,3,26246,00,0,00,26238,00,26212,08,26051,73,160,35,12,88,0,00,-18,50,-5,50,,6,1
2026-04-15,12:26,EXIT,LONG,Ruptura,85,5,100,0,93,8,100,0,100,0,100,0,35,3,26246,00,26230,50,26238,00,26215,06,26054,26,160,80,13,27,-31,00,-49,50,-36,50,BreatheWhipsaw,6,2
2026-04-16,12:00,ENTRY,LONG,Tendencia,80,7,100,0,44,3,100,0,76,5,100,0,41,6,26534,00,0,00,26524,50,26498,76,26417,68,81,08,21,89,0,00,0,00,-36,50,,1,0
2026-04-16,12:22,EXIT,LONG,Tendencia,80,7,100,0,44,3,100,0,76,5,100,0,41,6,26534,00,26545,75,26557,00,26528,96,26423,06,105,91,16,72,23,50,23,50,-13,00,TrailStop,1,0
2026-04-17,09:52,ENTRY,LONG,Tendencia,92,2,100,0,86,1,100,0,85,2,75,0,89,5,26724,50,0,00,26703,71,26718,13,26559,08,159,05,39,06,0,00,0,00,-13,00,,1,0
2026-04-17,09:56,EXIT,LONG,Tendencia,92,2,100,0,86,1,100,0,85,2,75,0,89,5,26724,50,26704,50,26703,71,26710,26,26561,36,148,91,38,87,-40,00,-40,00,-53,00,BreatheWhipsaw,1,1
2026-04-17,10:02,ENTRY,LONG,Ruptura,88,5,100,0,84,1,100,0,81,8,100,0,76,0,26746,75,0,00,26725,75,26704,71,26565,25,139,47,37,84,0,00,-40,00,-53,00,,2,1
2026-04-17,10:14,EXIT,LONG,Ruptura,88,5,100,0,84,1,100,0,81,8,100,0,76,0,26746,75,26758,50,26756,75,26721,98,26573,78,148,19,32,53,23,50,-16,50,-29,50,TrailStop,2,1
2026-04-17,10:32,ENTRY,LONG,Tendencia,92,3,100,0,100,0,100,0,100,0,75,0,47,6,26767,50,0,00,26746,88,26743,73,26585,95,157,77,29,16,0,00,-16,50,-29,50,,3,1
2026-04-17,10:56,EXIT,LONG,Tendencia,92,3,100,0,100,0,100,0,100,0,75,0,47,6,26767,50,26804,50,26818,06,26789,59,26605,87,183,72,25,75,74,00,57,50,44,50,TrailStop,3,1
2026-04-17,12:24,ENTRY,LONG,Tendencia,83,8,100,0,73,2,100,0,52,3,100,0,39,1,26848,00,0,00,26837,75,26835,61,26678,38,157,24,20,27,0,00,57,50,44,50,,4,1
2026-04-17,12:42,EXIT,LONG,Tendencia,83,8,100,0,73,2,100,0,52,3,100,0,39,1,26848,00,26862,75,26868,50,26852,41,26693,41,159,00,16,64,29,50,87,00,74,00,TrailStop,4,1
2026-04-17,12:46,ENTRY,LONG,Tendencia,90,6,100,0,100,0,100,0,100,0,75,0,30,7,26881,00,0,00,26866,58,26855,89,26696,74,159,15,15,90,0,00,87,00,74,00,,5,1
2026-04-17,12:54,EXIT,LONG,Tendencia,90,6,100,0,100,0,100,0,100,0,75,0,30,7,26881,00,26870,75,26866,58,26861,13,26703,37,157,75,14,67,-20,50,66,50,53,50,TrailStop,5,1
2026-04-17,13:02,ENTRY,LONG,Tendencia,90,3,100,0,99,1,100,0,100,0,75,0,30,0,26870,50,0,00,26859,56,26865,81,26709,96,155,86,13,92,0,00,66,50,53,50,,6,1
2026-04-17,13:10,EXIT,LONG,Tendencia,90,3,100,0,99,1,100,0,100,0,75,0,30,0,26870,50,26845,50,26859,56,26868,30,26716,73,151,58,16,14,-50,00,16,50,3,50,TrailStop,6,1
2026-04-21,11:32,ENTRY,SHORT,Tendencia,81,2,100,0,78,7,100,0,75,5,25,0,54,5,26733,75,0,00,26743,00,26744,80,26829,55,84,74,28,69,0,00,0,00,3,50,,1,0
2026-04-21,11:34,EXIT,SHORT,Tendencia,81,2,100,0,78,7,100,0,75,5,25,0,54,5,26733,75,26740,00,26743,00,26741,46,26829,02,87,56,28,39,-12,50,-12,50,-9,00,BreatheWhipsaw,1,1
2026-04-21,13:20,ENTRY,SHORT,Ruptura,88,2,100,0,100,0,100,0,100,0,75,0,53,3,26608,75,0,00,26629,02,26674,50,26795,79,121,29,25,69,0,00,-12,50,-9,00,,2,1
2026-04-21,13:24,EXIT,SHORT,Ruptura,88,2,100,0,100,0,100,0,100,0,75,0,53,3,26608,75,26621,25,26629,02,26667,94,26793,46,125,52,25,63,-25,00,-37,50,-34,00,BreatheWhipsaw,2,2
2026-04-22,10:36,ENTRY,LONG,Tendencia,83,2,100,0,75,4,100,0,95,5,25,0,60,4,26950,75,0,00,26944,50,26927,98,26845,51,82,47,26,38,0,00,0,00,-34,00,,1,0
2026-04-22,10:44,EXIT,LONG,Tendencia,83,2,100,0,75,4,100,0,95,5,25,0,60,4,26950,75,26963,50,26983,50,26949,74,26848,28,101,45,27,34,25,50,25,50,-8,50,TrailStop,1,0
2026-04-22,10:46,ENTRY,LONG,Tendencia,90,0,100,0,96,3,100,0,100,0,50,0,57,3,26978,75,0,00,26962,00,26955,59,26849,00,106,59,26,71,0,00,25,50,-8,50,,2,0
2026-04-22,10:54,EXIT,LONG,Tendencia,90,0,100,0,96,3,100,0,100,0,50,0,57,3,26978,75,26961,25,26967,50,26970,10,26851,73,118,38,24,57,-35,00,-9,50,-43,50,TrailStop,2,0
2026-04-22,11:08,ENTRY,LONG,Tendencia,89,0,100,0,96,6,100,0,100,0,50,0,46,8,26972,25,0,00,26954,38,26970,61,26856,57,114,05,23,83,0,00,-9,50,-43,50,,3,0
2026-04-22,11:26,EXIT,LONG,Tendencia,89,0,100,0,96,6,100,0,100,0,50,0,46,8,26972,25,26987,50,26988,75,26972,15,26864,80,107,35,20,01,30,50,21,00,-13,00,TrailStop,3,0
2026-04-22,11:48,ENTRY,LONG,Tendencia,87,2,100,0,92,1,100,0,100,0,50,0,37,6,26990,25,0,00,26974,37,26985,58,26874,09,111,49,19,18,0,00,21,00,-13,00,,4,0
2026-04-22,12:00,EXIT,LONG,Tendencia,87,2,100,0,92,1,100,0,100,0,50,0,37,6,26990,25,26988,25,26990,00,26990,41,26878,46,111,96,17,46,-4,00,17,00,-17,00,TrailStop,4,0
2026-04-22,12:06,ENTRY,LONG,Tendencia,91,3,100,0,100,0,100,0,100,0,75,0,38,1,27003,00,0,00,26987,20,26989,44,26880,43,109,00,18,07,0,00,17,00,-17,00,,5,0
2026-04-22,12:12,EXIT,LONG,Tendencia,91,3,100,0,100,0,100,0,100,0,75,0,38,1,27003,00,26987,50,26987,20,26990,06,26882,49,107,58,17,17,-31,00,-14,00,-48,00,TrailStop,5,0
2026-04-22,12:16,ENTRY,LONG,Tendencia,87,9,100,0,88,9,100,0,90,7,75,0,35,6,27001,50,0,00,26991,25,26990,84,26883,93,106,91,16,60,0,00,-14,00,-48,00,,6,0
2026-04-22,12:18,EXIT,LONG,Tendencia,87,9,100,0,88,9,100,0,90,7,75,0,35,6,27001,50,27001,25,26991,25,26990,93,26884,66,106,26,16,29,-0,50,-14,50,-48,50,BreatheWhipsaw,6,1
2026-04-23,11:18,ENTRY,LONG,Tendencia,87,3,100,0,91,7,100,0,100,0,50,0,39,8,27131,00,0,00,27115,88,27084,38,26996,66,87,72,21,83,0,00,0,00,-48,50,,1,0
2026-04-23,11:28,EXIT,LONG,Tendencia,87,3,100,0,91,7,100,0,100,0,50,0,39,8,27131,00,27144,00,27137,25,27110,80,27001,78,109,02,19,53,26,00,26,00,-22,50,TrailStop,1,0
2026-04-23,11:30,ENTRY,LONG,Tendencia,85,9,100,0,100,0,100,0,100,0,25,0,34,2,27129,50,0,00,27129,50,27114,99,27002,81,112,18,19,41,0,00,26,00,-22,50,,2,0
2026-04-23,11:32,EXIT,LONG,Tendencia,85,9,100,0,100,0,100,0,100,0,25,0,34,2,27129,50,27144,50,27129,50,27119,36,27003,93,115,43,19,97,30,00,56,00,7,50,BreatheWhipsaw,2,1
2026-04-23,13:42,ENTRY,SHORT,Ruptura,97,1,100,0,100,0,100,0,100,0,100,0,85,7,26786,00,0,00,26818,29,26911,33,27034,82,123,49,41,39,0,00,56,00,7,50,,3,1
2026-04-23,13:50,EXIT,SHORT,Ruptura,97,1,100,0,100,0,100,0,100,0,100,0,85,7,26786,00,26747,75,26761,25,26861,63,27030,12,168,50,45,33,76,50,132,50,84,00,TrailStop,3,1
2026-04-23,14:50,ENTRY,SHORT,Tendencia,90,4,100,0,100,0,100,0,97,4,75,0,32,0,26911,75,0,00,26935,66,26936,01,27017,49,81,48,29,55,0,00,132,50,84,00,,4,1
2026-04-23,15:06,EXIT,SHORT,Tendencia,90,4,100,0,100,0,100,0,97,4,75,0,32,0,26911,75,26883,50,26870,75,26924,04,27011,22,87,18,29,11,56,50,189,00,140,50,TrailStop,4,1
2026-04-23,15:36,ENTRY,SHORT,Tendencia,87,9,100,0,86,9,100,0,100,0,75,0,30,0,26875,75,0,00,26893,48,26897,89,27002,43,104,54,23,31,0,00,189,00,140,50,,5,1
2026-04-23,15:42,EXIT,SHORT,Tendencia,87,9,100,0,86,9,100,0,100,0,75,0,30,0,26875,75,26886,75,26893,48,26898,46,27000,48,102,02,23,36,-22,00,167,00,118,50,TrailStop,5,1
2026-04-23,15:44,ENTRY,SHORT,Tendencia,84,1,100,0,79,8,100,0,100,0,50,0,31,6,26870,25,0,00,26888,75,26899,18,26999,76,100,58,23,17,0,00,167,00,118,50,,6,1
2026-04-23,15:50,EXIT,SHORT,Tendencia,84,1,100,0,79,8,100,0,100,0,50,0,31,6,26870,25,26901,75,26888,75,26898,60,26997,70,99,10,22,66,-63,00,104,00,55,50,OutOfSession,6,1
2026-04-24,11:30,ENTRY,LONG,Tendencia,88,0,100,0,87,5,100,0,100,0,75,0,30,0,27325,75,0,00,27313,50,27300,54,27216,36,84,18,21,06,0,00,0,00,55,50,,1,0
2026-04-24,11:40,EXIT,LONG,Tendencia,88,0,100,0,87,5,100,0,100,0,75,0,30,0,27325,75,27313,00,27313,50,27312,25,27222,24,90,01,20,30,-25,50,-25,50,30,00,TrailStop,1,0
2026-04-24,11:42,ENTRY,LONG,Tendencia,84,9,100,0,88,0,100,0,92,9,50,0,30,0,27331,00,0,00,27315,55,27313,95,27223,45,90,50,20,60,0,00,-25,50,30,00,,2,0
2026-04-24,12:44,EXIT,LONG,Tendencia,84,9,100,0,88,0,100,0,92,9,50,0,30,0,27331,00,27384,25,27402,07,27397,29,27268,41,128,88,19,86,106,50,81,00,136,50,TrailStop,2,0
2026-04-24,12:46,ENTRY,LONG,Tendencia,89,1,100,0,100,0,100,0,100,0,50,0,40,8,27404,00,0,00,27387,53,27397,61,27269,84,127,77,19,96,0,00,81,00,136,50,,3,0
2026-04-24,12:50,EXIT,LONG,Tendencia,89,1,100,0,100,0,100,0,100,0,50,0,40,8,27404,00,27392,25,27387,53,27399,64,27272,55,127,09,19,54,-23,50,57,50,113,00,BreatheWhipsaw,3,1
2026-04-24,15:10,ENTRY,LONG,Ruptura,85,4,100,0,100,0,100,0,100,0,75,0,39,4,27433,75,0,00,27422,76,27409,46,27328,82,80,65,12,32,0,00,57,50,113,00,,4,1
2026-04-24,15:22,EXIT,LONG,Ruptura,85,4,100,0,100,0,100,0,100,0,75,0,39,4,27433,75,27439,75,27444,00,27420,85,27334,35,86,50,12,03,12,00,69,50,125,00,TrailStop,4,1
2026-04-24,15:26,ENTRY,LONG,Tendencia,86,6,100,0,100,0,100,0,100,0,25,0,40,7,27426,00,0,00,27424,25,27423,93,27336,20,87,73,12,06,0,00,69,50,125,00,,5,1
2026-04-24,15:28,EXIT,LONG,Tendencia,86,6,100,0,100,0,100,0,100,0,25,0,40,7,27426,00,27425,00,27424,25,27424,73,27337,03,87,70,11,95,-2,00,67,50,123,00,BreatheWhipsaw,5,2
2026-04-28,09:32,ENTRY,SHORT,Tendencia,91,0,100,0,100,0,100,0,100,0,50,0,60,2,27086,75,0,00,27103,77,27136,61,27242,22,105,60,24,69,0,00,0,00,123,00,,1,0
2026-04-28,09:34,EXIT,SHORT,Tendencia,91,0,100,0,100,0,100,0,100,0,50,0,60,2,27086,75,27135,00,27103,77,27137,29,27241,22,103,93,27,78,-96,50,-96,50,26,50,BreatheWhipsaw,1,1
