Date,Time,Action,Direction,EntryType,Score,SpreadScore,BodyScore,AlignScore,WickScore,MomentumScore,ATRScore,EntryPrice,ExitPrice,StopPrice,SMA20,SMA200,Spread,ATR,PnL,DailyPnL,TotalPnL,ExitReason,TradesToday,BreatheWhipsaws
2026-01-26,09:36,ENTRY,LONG,Pullback,66,9,62,6,10,0,100,0,20,0,100,0,79,8,25976,50,0,00,25960,16,25942,69,25897,61,45,08,16,09,0,00,0,00,0,00,,1,0
2026-01-26,09:52,EXIT,LONG,Pullback,66,9,62,6,10,0,100,0,20,0,100,0,79,8,25976,50,26020,50,26015,16,25975,56,25901,50,74,07,22,63,88,00,88,00,88,00,TrailStop,1,0
2026-01-26,09:54,ENTRY,LONG,Tendencia,81,2,97,6,38,4,100,0,99,4,50,0,91,7,26028,25,0,00,26018,75,25980,10,25902,03,78,07,22,39,0,00,88,00,88,00,,2,0
2026-01-26,10:04,EXIT,LONG,Tendencia,81,2,97,6,38,4,100,0,99,4,50,0,91,7,26028,25,26041,75,26045,50,26008,18,25905,18,103,00,22,76,27,00,115,00,115,00,TrailStop,2,0
2026-01-26,10:06,ENTRY,LONG,Tendencia,80,1,100,0,34,9,100,0,100,0,50,0,80,7,26048,75,0,00,26041,25,26013,98,25905,71,108,26,22,40,0,00,115,00,115,00,,3,0
2026-01-26,10:12,EXIT,LONG,Tendencia,80,1,100,0,34,9,100,0,100,0,50,0,80,7,26048,75,26037,25,26041,25,26028,38,25907,24,121,14,21,28,-23,00,92,00,92,00,TrailStop,3,0
2026-01-26,10:14,ENTRY,LONG,Tendencia,67,5,100,0,18,4,100,0,42,0,25,0,71,6,26032,25,0,00,26022,25,26031,43,25907,65,123,78,21,30,0,00,92,00,92,00,,4,0
2026-01-26,10:16,EXIT,LONG,Tendencia,67,5,100,0,18,4,100,0,42,0,25,0,71,6,26032,25,26047,50,26022,25,26035,01,25908,18,126,84,22,26,30,50,122,50,122,50,BreatheWhipsaw,4,1
2026-01-26,10:18,ENTRY,LONG,Tendencia,74,8,100,0,10,0,100,0,82,7,75,0,70,1,26048,25,0,00,26045,25,26037,45,25908,75,128,70,21,54,0,00,122,50,122,50,,5,1
2026-01-26,10:20,EXIT,LONG,Tendencia,74,8,100,0,10,0,100,0,82,7,75,0,70,1,26048,25,26070,25,26045,25,26041,01,25909,37,131,64,22,61,44,00,166,50,166,50,BreatheWhipsaw,5,2
2026-01-27,09:36,ENTRY,SHORT,Ruptura,65,6,8,2,56,7,100,0,48,9,50,0,91,5,26190,00,0,00,26205,01,26208,21,26212,31,4,09,15,01,0,00,0,00,166,50,,1,0
2026-01-27,09:54,EXIT,SHORT,Ruptura,65,6,8,2,56,7,100,0,48,9,50,0,91,5,26190,00,26209,00,26205,01,26192,08,26210,40,18,33,21,85,-38,00,-38,00,128,50,TrailStop,1,0
2026-01-27,09:56,ENTRY,LONG,Ruptura,87,3,32,8,100,0,70,0,100,0,100,0,100,0,26242,50,0,00,26224,77,26193,54,26210,60,17,06,22,97,0,00,-38,00,128,50,,2,0
2026-01-27,10:08,EXIT,LONG,Ruptura,87,3,32,8,100,0,70,0,100,0,100,0,100,0,26242,50,26238,75,26252,75,26209,40,26212,31,2,91,24,05,-7,50,-45,50,121,00,TrailStop,2,0
2026-01-27,10:10,ENTRY,LONG,Ruptura,76,0,1,6,96,7,70,0,94,8,50,0,91,9,26255,50,0,00,26236,25,26211,76,26212,59,0,82,23,83,0,00,-45,50,121,00,,3,0
2026-01-27,10:54,EXIT,LONG,Ruptura,76,0,1,6,96,7,70,0,94,8,50,0,91,9,26255,50,26290,25,26288,47,26282,88,26222,21,60,66,15,76,69,50,24,00,190,50,TrailStop,3,0
2026-01-27,11:00,ENTRY,LONG,Tendencia,61,1,75,9,14,9,100,0,54,7,50,0,36,7,26287,50,0,00,26281,00,26284,25,26223,51,60,74,14,78,0,00,24,00,190,50,,4,0
2026-01-27,11:32,EXIT,LONG,Tendencia,61,1,75,9,14,9,100,0,54,7,50,0,36,7,26287,50,26304,75,26303,34,26303,36,26232,28,71,09,10,52,34,50,58,50,225,00,TrailStop,4,0
2026-01-27,11:34,ENTRY,LONG,Tendencia,72,2,89,6,60,9,100,0,46,4,50,0,30,0,26312,50,0,00,26301,93,26304,50,26232,85,71,65,10,82,0,00,58,50,225,00,,5,0
2026-01-27,11:40,EXIT,LONG,Tendencia,72,2,89,6,60,9,100,0,46,4,50,0,30,0,26312,50,26308,00,26301,93,26307,76,26234,66,73,11,10,62,-9,00,49,50,216,00,BreatheWhipsaw,5,1
2026-01-27,11:48,ENTRY,SHORT,Tendencia,61,1,91,1,56,7,40,0,89,6,50,0,30,0,26299,75,0,00,26310,59,26309,74,26236,88,72,85,10,59,0,00,49,50,216,00,,6,1
2026-01-27,11:52,EXIT,SHORT,Tendencia,61,1,91,1,56,7,40,0,89,6,50,0,30,0,26299,75,26307,75,26310,59,26309,38,26237,92,71,46,10,80,-16,00,33,50,200,00,BreatheWhipsaw,6,2
2026-01-28,09:36,ENTRY,LONG,Pullback,61,9,51,5,10,0,40,0,88,9,100,0,63,2,26476,75,0,00,26468,75,26470,23,26501,98,31,75,14,33,0,00,0,00,200,00,,1,0
2026-01-28,09:38,EXIT,LONG,Pullback,61,9,51,5,10,0,40,0,88,9,100,0,63,2,26476,75,26449,25,26468,75,26468,80,26501,59,32,79,15,39,-55,00,-55,00,145,00,BreatheWhipsaw,1,1
2026-01-28,09:40,ENTRY,SHORT,Ruptura,81,4,53,8,78,7,100,0,100,0,75,0,69,1,26434,75,0,00,26447,41,26466,55,26501,14,34,59,15,88,0,00,-55,00,145,00,,2,1
2026-01-28,09:42,EXIT,SHORT,Ruptura,81,4,53,8,78,7,100,0,100,0,75,0,69,1,26434,75,26459,00,26447,41,26465,13,26500,79,35,66,16,84,-48,50,-103,50,96,50,BreatheWhipsaw,2,2
2026-01-29,09:34,ENTRY,SHORT,Pullback,66,7,66,2,10,3,100,0,20,0,100,0,72,1,26334,00,0,00,26350,77,26375,68,26425,15,49,48,16,77,0,00,0,00,96,50,,1,0
2026-01-29,09:36,EXIT,SHORT,Pullback,66,7,66,2,10,3,100,0,20,0,100,0,72,1,26334,00,26324,50,26350,77,26371,88,26424,39,52,51,17,93,19,00,19,00,115,50,BreatheWhipsaw,1,1
2026-01-29,09:38,ENTRY,SHORT,Pullback,94,3,73,3,98,4,100,0,98,9,100,0,87,2,26277,75,0,00,26293,64,26365,43,26423,41,57,99,20,85,0,00,19,00,115,50,,2,1
2026-01-29,09:50,EXIT,SHORT,Pullback,94,3,73,3,98,4,100,0,98,9,100,0,87,2,26277,75,26187,25,26189,00,26310,15,26415,81,105,66,32,47,181,00,200,00,296,50,TrailStop,2,1
2026-01-29,09:52,ENTRY,SHORT,Tendencia,71,6,100,0,33,6,100,0,23,6,25,0,100,0,26200,00,0,00,26222,25,26301,31,26414,54,113,23,32,84,0,00,200,00,296,50,,3,1
2026-01-29,10:08,EXIT,SHORT,Tendencia,71,6,100,0,33,6,100,0,23,6,25,0,100,0,26200,00,26012,75,26036,58,26186,69,26398,57,211,88,44,04,374,50,574,50,671,00,TrailStop,3,1
2026-01-30,09:34,ENTRY,LONG,Tendencia,60,0,58,3,10,0,100,0,99,4,25,0,59,8,26047,75,0,00,26037,25,26043,94,26003,95,39,99,26,66,0,00,0,00,671,00,,1,0
2026-01-30,09:36,EXIT,LONG,Tendencia,60,0,58,3,10,0,100,0,99,4,25,0,59,8,26047,75,26091,25,26037,25,26047,14,26004,70,42,44,29,54,87,00,87,00,758,00,BreatheWhipsaw,1,1
2026-01-30,09:38,ENTRY,LONG,Pullback,70,9,62,6,51,6,100,0,55,4,75,0,66,9,26111,25,0,00,26080,61,26050,64,26005,55,45,09,30,39,0,00,87,00,758,00,,2,1
2026-01-30,09:40,EXIT,LONG,Pullback,70,9,62,6,51,6,100,0,55,4,75,0,66,9,26111,25,26076,75,26080,61,26052,46,26006,23,46,24,32,83,-69,00,18,00,689,00,BreatheWhipsaw,2,2
2026-01-28,09:36,ENTRY,LONG,Pullback,61,9,51,5,10,0,40,0,88,9,100,0,63,2,26476,75,0,00,26468,75,26470,23,26501,98,31,75,14,33,0,00,0,00,0,00,,1,0
2026-01-28,09:38,EXIT,LONG,Pullback,61,9,51,5,10,0,40,0,88,9,100,0,63,2,26476,75,26449,25,26468,75,26468,80,26501,59,32,79,15,39,-55,00,-55,00,-55,00,BreatheWhipsaw,1,1
2026-01-28,09:40,ENTRY,SHORT,Ruptura,81,4,53,8,78,7,100,0,100,0,75,0,69,1,26434,75,0,00,26447,41,26466,55,26501,14,34,59,15,88,0,00,-55,00,-55,00,,2,1
2026-01-28,09:42,EXIT,SHORT,Ruptura,81,4,53,8,78,7,100,0,100,0,75,0,69,1,26434,75,26459,00,26447,41,26465,13,26500,79,35,66,16,84,-48,50,-103,50,-103,50,BreatheWhipsaw,2,2
2026-01-29,09:34,ENTRY,SHORT,Pullback,66,7,66,2,10,3,100,0,20,0,100,0,72,1,26334,00,0,00,26350,77,26375,68,26425,15,49,48,16,77,0,00,0,00,-103,50,,1,0
2026-01-29,09:36,EXIT,SHORT,Pullback,66,7,66,2,10,3,100,0,20,0,100,0,72,1,26334,00,26324,50,26350,77,26371,88,26424,39,52,51,17,93,19,00,19,00,-84,50,BreatheWhipsaw,1,1
2026-01-29,09:38,ENTRY,SHORT,Pullback,94,3,73,3,98,4,100,0,98,9,100,0,87,2,26277,75,0,00,26293,64,26365,43,26423,41,57,99,20,85,0,00,19,00,-84,50,,2,1
2026-01-29,09:50,EXIT,SHORT,Pullback,94,3,73,3,98,4,100,0,98,9,100,0,87,2,26277,75,26187,25,26189,00,26310,15,26415,81,105,66,32,47,181,00,200,00,96,50,TrailStop,2,1
2026-01-29,09:52,ENTRY,SHORT,Tendencia,71,6,100,0,33,6,100,0,23,6,25,0,100,0,26200,00,0,00,26222,25,26301,31,26414,54,113,23,32,84,0,00,200,00,96,50,,3,1
2026-01-29,10:08,EXIT,SHORT,Tendencia,71,6,100,0,33,6,100,0,23,6,25,0,100,0,26200,00,26012,75,26036,58,26186,69,26398,57,211,88,44,04,374,50,574,50,471,00,TrailStop,3,1
2026-01-30,09:34,ENTRY,LONG,Tendencia,60,0,58,3,10,0,100,0,99,4,25,0,59,8,26047,75,0,00,26037,25,26043,94,26003,95,39,99,26,66,0,00,0,00,471,00,,1,0
2026-01-30,09:36,EXIT,LONG,Tendencia,60,0,58,3,10,0,100,0,99,4,25,0,59,8,26047,75,26091,25,26037,25,26047,14,26004,70,42,44,29,54,87,00,87,00,558,00,BreatheWhipsaw,1,1
2026-01-30,09:38,ENTRY,LONG,Pullback,70,9,62,6,51,6,100,0,55,4,75,0,66,9,26111,25,0,00,26080,61,26050,64,26005,55,45,09,30,39,0,00,87,00,558,00,,2,1
2026-01-30,09:40,EXIT,LONG,Pullback,70,9,62,6,51,6,100,0,55,4,75,0,66,9,26111,25,26076,75,26080,61,26052,46,26006,23,46,24,32,83,-69,00,18,00,489,00,BreatheWhipsaw,2,2
2026-02-02,09:32,ENTRY,LONG,Tendencia,94,6,100,0,100,0,100,0,100,0,75,0,71,2,25865,00,0,00,25841,34,25752,18,25666,57,85,61,20,55,0,00,0,00,489,00,,1,0
2026-02-02,09:36,EXIT,LONG,Tendencia,94,6,100,0,100,0,100,0,100,0,75,0,71,2,25865,00,25888,25,25841,34,25765,93,25669,77,96,15,24,78,46,50,46,50,535,50,BreatheWhipsaw,1,1
2026-02-02,09:38,ENTRY,LONG,Tendencia,95,8,100,0,97,7,100,0,100,0,75,0,87,6,25945,00,0,00,25916,86,25775,35,25671,69,103,66,26,52,0,00,46,50,535,50,,2,1
2026-02-02,10:00,EXIT,LONG,Tendencia,95,8,100,0,97,7,100,0,100,0,75,0,87,6,25945,00,25963,75,25983,25,25896,61,25692,72,203,89,26,86,37,50,84,00,573,00,TrailStop,2,1
2026-02-02,10:02,ENTRY,LONG,Tendencia,80,7,100,0,51,9,100,0,97,0,25,0,80,9,25999,75,0,00,25963,50,25908,06,25694,54,213,53,29,34,0,00,84,00,573,00,,3,1
2026-02-02,10:31,EXIT,LONG,Tendencia,80,7,100,0,51,9,100,0,97,0,25,0,80,9,25999,75,26084,25,26103,99,26063,49,25727,92,335,57,22,62,169,00,253,00,742,00,TrailStop,3,1
2026-02-02,10:32,ENTRY,LONG,Tendencia,88,0,100,0,90,8,100,0,71,1,75,0,52,8,26104,50,0,00,26084,47,26068,08,25730,32,337,76,22,70,0,00,253,00,742,00,,4,1
2026-02-02,10:42,EXIT,LONG,Tendencia,88,0,100,0,90,8,100,0,71,1,75,0,52,8,26104,50,26112,50,26122,50,26097,43,25742,63,354,79,20,91,16,00,269,00,758,00,TrailStop,4,1
2026-02-02,10:45,ENTRY,SHORT,Tendencia,74,5,100,0,87,0,40,0,100,0,75,0,45,7,26102,75,0,00,26114,50,26101,59,25745,08,356,51,20,82,0,00,269,00,758,00,,5,1
2026-02-02,11:10,EXIT,SHORT,Tendencia,74,5,100,0,87,0,40,0,100,0,75,0,45,7,26102,75,26082,25,26066,09,26086,03,25774,53,311,49,18,76,41,00,310,00,799,00,TrailStop,5,1
2026-02-03,09:32,ENTRY,SHORT,Pullback,74,0,23,7,72,5,100,0,48,1,100,0,73,9,26121,00,0,00,26127,93,26192,68,26204,53,11,85,8,93,0,00,0,00,799,00,,1,0
2026-02-03,09:34,EXIT,SHORT,Pullback,74,0,23,7,72,5,100,0,48,1,100,0,73,9,26121,00,26096,00,26127,93,26186,56,26203,95,17,38,11,17,50,00,50,00,849,00,BreatheWhipsaw,1,1
2026-02-03,09:38,ENTRY,SHORT,Ruptura,85,1,49,0,94,8,100,0,76,4,50,0,100,0,26060,00,0,00,26071,83,26173,38,26202,63,29,26,16,78,0,00,50,00,849,00,,2,1
2026-02-03,09:48,EXIT,SHORT,Ruptura,85,1,49,0,94,8,100,0,76,4,50,0,100,0,26060,00,26034,00,26044,00,26124,35,26197,81,73,46,26,77,52,00,102,00,901,00,TrailStop,2,1
2026-02-03,09:50,ENTRY,SHORT,Tendencia,72,6,100,0,10,0,100,0,55,6,50,0,100,0,26022,00,0,00,26040,25,26115,65,26196,99,81,34,26,67,0,00,102,00,901,00,,3,1
2026-02-03,10:06,EXIT,SHORT,Tendencia,72,6,100,0,10,0,100,0,55,6,50,0,100,0,26022,00,25833,25,25861,50,26001,15,26185,51,184,36,33,99,377,50,479,50,1278,50,TrailStop,3,1
2026-02-04,09:32,ENTRY,SHORT,Tendencia,95,0,95,2,100,0,100,0,100,0,75,0,86,8,25490,00,0,00,25506,88,25582,53,25658,67,76,14,20,18,0,00,0,00,1278,50,,1,0
2026-02-04,09:34,EXIT,SHORT,Tendencia,95,0,95,2,100,0,100,0,100,0,75,0,86,8,25490,00,25495,50,25506,88,25575,43,25657,88,82,45,23,45,-11,00,-11,00,1267,50,BreatheWhipsaw,1,1
2026-02-04,09:36,ENTRY,SHORT,Tendencia,92,5,100,0,100,0,100,0,100,0,25,0,100,0,25573,25,0,00,25588,51,25573,31,25657,53,84,21,27,69,0,00,-11,00,1267,50,,2,1
2026-02-04,09:38,EXIT,SHORT,Tendencia,92,5,100,0,100,0,100,0,100,0,25,0,100,0,25573,25,25542,50,25588,51,25571,40,25656,98,85,58,31,14,61,50,50,50,1329,00,BreatheWhipsaw,2,2
2026-02-05,09:32,ENTRY,SHORT,Tendencia,90,2,100,0,100,0,100,0,100,0,50,0,52,4,24896,00,0,00,24921,95,24991,95,25188,48,196,53,29,27,0,00,0,00,1329,00,,1,0
2026-02-05,09:34,EXIT,SHORT,Tendencia,90,2,100,0,100,0,100,0,100,0,50,0,52,4,24896,00,24933,75,24921,95,24988,51,25186,99,198,47,34,95,-75,50,-75,50,1253,50,BreatheWhipsaw,1,1
2026-02-05,09:36,ENTRY,LONG,Pullback,74,9,100,0,71,1,40,0,100,0,75,0,74,6,25020,00,0,00,24969,26,24988,04,25185,84,197,80,41,99,0,00,-75,50,1253,50,,2,1
2026-02-05,09:54,EXIT,LONG,Pullback,74,9,100,0,71,1,40,0,100,0,75,0,74,6,25020,00,25094,25,25095,00,25030,31,25179,47,149,15,50,17,148,50,73,00,1402,00,TrailStop,2,1
2026-02-05,09:56,ENTRY,SHORT,Ruptura,74,4,100,0,95,9,20,0,100,0,50,0,81,9,25048,00,0,00,25098,00,25033,45,25178,49,145,04,50,80,0,00,73,00,1402,00,,3,1
2026-02-05,10:18,EXIT,SHORT,Ruptura,74,4,100,0,95,9,20,0,100,0,50,0,81,9,25048,00,24836,25,24846,56,24987,81,25156,67,168,86,52,43,423,50,496,50,1825,50,TrailStop,3,1
2026-02-06,09:32,ENTRY,SHORT,Tendencia,66,6,90,3,88,2,40,0,85,0,25,0,53,7,24943,75,0,00,24987,25,25013,40,24941,15,72,26,14,21,0,00,0,00,1825,50,,1,0
2026-02-06,09:34,EXIT,SHORT,Tendencia,66,6,90,3,88,2,40,0,85,0,25,0,53,7,24943,75,25090,00,24987,25,25014,84,24942,43,72,40,24,96,-292,50,-292,50,1533,00,BreatheWhipsaw,1,1
